Gender,SeniorCitizen,Partner,Dependents,TenureMonths,PhoneService,PaperlessBilling,MonthlyCharges,TotalCharges,Churn,MultipleLines_No phone service,MultipleLines_Yes,InternetService_Fiber optic,InternetService_No,OnlineSecurity_No internet service,OnlineSecurity_Yes,TechSupport_No internet service,TechSupport_Yes,Contract_One year,Contract_Two year,PaymentMethod_Credit card,PaymentMethod_Electronic check,PaymentMethod_Mailed check
0,0,0,0,1.0582816955390908,1,0,-0.7431245268631557,0.29162687808009324,0,0,0,0,0,0,0,0,1,0,0,0,0,0
0,1,1,1,-0.5434288337409641,1,0,1.266134472680104,-0.0381423548107836,1,0,0,1,0,0,1,0,0,0,0,0,1,0
1,0,1,0,1.4951118398881966,1,0,0.4263985686156717,1.6368078904892884,0,0,0,1,0,0,1,0,1,1,0,0,1,0
0,0,0,0,0.3787681376627039,1,1,0.06111345034764389,-0.981580367066105,0,0,0,0,1,1,0,1,0,0,1,0,0,0
0,0,0,0,-1.7083092186719129,1,0,0.01530967376231111,-1.404660001397265,0,0,0,1,0,0,1,0,0,0,0,0,0,0
0,0,0,1,-1.465625805144632,1,1,-0.46601167852189307,-1.2424580929687667,0,0,0,0,0,0,0,0,1,1,0,1,0,0
0,0,0,0,1.7377952534154777,1,1,0.7512236842333229,2.1773069638597797,0,0,1,1,0,0,0,0,0,0,0,1,0,0
1,0,1,0,0.3787681376627039,1,1,0.6817546230789013,0.7604892214663109,1,0,0,1,0,0,0,0,1,0,1,0,0,1
0,0,1,1,0.9126716474227222,1,1,-0.660296030871346,0.18910231232630703,0,0,0,0,0,0,1,0,1,0,0,1,0,0
1,1,0,0,0.621451551189985,1,1,1.3646125923385692,1.4683055593827081,0,0,0,1,0,0,0,0,0,0,1,0,0,1
1,0,0,0,-0.6405021991518765,1,1,0.7630563265178671,-0.2816626608591591,0,0,1,1,0,0,0,0,0,0,1,1,0,0
0,0,1,0,0.3302314549572477,1,1,0.18402025085161985,0.35948009280643245,1,0,0,0,0,0,0,0,0,0,0,0,0,1
1,0,1,1,1.4951118398881966,1,0,0.629843676282191,1.8420581571470676,0,0,0,1,0,0,0,0,0,1,0,0,0,0
0,0,0,1,-0.3492821029191392,1,1,1.3302597598995702,0.25623252772893185,0,0,0,1,0,0,0,0,1,0,0,0,1,0
0,0,0,0,0.9126716474227222,1,0,0.3836483771360283,1.1069635439945888,1,0,0,1,0,0,0,0,1,1,0,0,1,0
1,1,0,0,0.42730482036816014,1,1,-2.138994618301169,-1.014789411190701,0,0,1,0,1,1,0,1,0,0,0,1,0,0
0,0,0,0,-1.222942391617351,1,1,-2.0355544228459594,-1.3161985879024949,0,0,1,0,1,1,0,1,0,0,0,0,0,0
1,0,1,0,-0.6890388818573326,1,0,-0.12897222248148688,-0.6464076655453627,1,0,1,0,0,0,0,0,0,1,0,1,0,0
1,0,1,0,0.7185249166008973,1,1,-1.8927993191550059,-0.7697361291326452,1,0,1,0,1,1,0,1,0,0,0,1,0,0
1,0,1,1,1.7377952534154777,0,1,-0.6587692383185013,0.8175952958694669,0,1,0,0,0,0,0,0,1,0,0,0,0,1
1,0,1,0,0.47584150307361633,1,0,-0.8729018938549316,-0.15237081187251805,0,0,1,0,0,0,0,0,1,0,1,0,1,0
1,0,1,1,-0.5919655164464203,1,1,1.3291146654849368,-0.02759091355266602,1,0,0,1,0,0,1,0,1,0,0,0,0,1
1,0,0,1,1.7377952534154777,1,1,-0.5385343247820031,0.8862258707709277,1,0,1,0,0,0,1,0,0,0,0,0,1,0
0,0,1,1,1.0097450128336345,1,1,0.8699318052169767,1.5371807581155008,0,0,1,1,0,0,0,0,0,0,0,1,0,0
1,0,0,0,0.9126716474227222,1,1,-0.4412012995381713,0.39735329798175745,0,0,0,0,0,0,0,0,1,0,0,0,0,0
0,0,0,0,1.6407218880045653,1,1,0.22600704605484126,1.5563429582365027,0,0,0,0,0,0,0,0,1,0,1,0,1,0
0,0,1,0,-0.6890388818573326,1,1,-2.0279204600817375,-1.1680272152221685,1,0,1,0,1,1,0,1,0,0,0,0,0,0
1,0,0,0,-0.7375755645627888,1,1,0.3000564848677957,-0.5505259958335237,1,0,0,1,0,0,0,0,0,0,0,1,0,0
1,0,0,1,-0.5919655164464203,1,1,-2.005400269927282,-1.1896573979970526,0,0,0,0,1,1,0,1,0,0,0,1,0,0
0,0,0,0,-1.1744057089118947,1,0,0.5893836736318142,-0.8794689437830127,0,0,1,1,0,0,0,0,1,1,0,0,0,1
1,0,0,1,-0.6890388818573326,1,1,-0.6137288580095909,-0.825108092375915,0,0,0,0,0,0,0,0,0,0,0,0,0,0
1,1,1,0,0.6699882338954412,1,1,-0.7171690534648005,0.05575514382469627,0,0,1,0,0,0,1,0,0,1,0,0,0,1
0,0,0,0,0.2816947722517915,0,1,1.000472568485175,0.8233684182889006,0,1,0,1,0,0,0,0,0,0,0,1,0,0
1,1,0,1,-0.25220873750822675,1,0,-0.7427428287249447,-0.5266072212144007,0,0,0,0,0,0,0,0,0,1,0,0,1,0
0,1,0,0,-0.6405021991518765,1,1,0.9695550192900753,-0.19449503562787795,0,0,0,1,0,0,1,0,1,0,1,0,1,0
0,0,0,0,1.1553550609500032,1,1,0.06111345034764389,1.5558265301481353,0,0,1,1,0,0,0,0,0,0,0,0,1,0
0,0,1,0,-1.6597725359664568,1,1,0.9985640777941195,-1.3386224391079227,1,0,0,1,0,0,0,0,1,0,0,0,1,0
1,1,0,1,0.2331580895463353,1,1,0.7653465153471339,0.6428686472767737,0,0,0,1,0,0,0,0,1,0,1,0,1,0
0,0,0,0,0.7185249166008973,1,0,0.4202913984042942,0.9538616420916388,0,0,1,1,0,0,0,0,0,0,0,0,1,0
0,0,1,0,-1.222942391617351,1,0,0.06111345034764389,-0.11273087902646238,0,0,1,0,0,0,1,0,0,0,1,0,1,0
0,0,1,1,-1.222942391617351,1,0,-1.9065404521306055,-1.2832178593538086,0,0,0,0,1,1,0,1,0,0,0,0,0,1
1,0,0,0,0.5729148684845288,1,0,-0.07057240733518766,0.3817191171170763,0,0,1,0,0,0,0,0,0,0,1,1,0,0
1,0,1,0,-0.3492821029191392,1,0,-0.45417903623734873,-0.46135789127046134,0,0,1,0,0,0,1,0,0,0,0,0,0,0
1,0,1,0,-0.4948921510355078,1,0,0.045463826680988695,-0.41322679343461705,0,0,1,1,0,0,0,0,0,0,0,0,0,0
1,0,0,0,-1.465625805144632,1,0,-1.0072596385052408,-1.329060365345414,1,0,0,0,0,0,0,0,0,0,0,1,0,0
0,0,0,0,0.3302314549572477,1,1,1.6653907252489208,1.2857890007833777,1,0,1,1,0,0,0,0,1,0,0,0,0,0
0,0,1,0,1.0582816955390908,1,1,0.9718452081193419,1.7061940812253082,0,0,0,1,0,0,0,0,1,0,1,0,0,0
0,1,0,0,-0.3492821029191392,0,1,0.8023712347536112,0.06259917501684995,0,1,0,1,0,0,0,0,0,0,1,0,0,0
0,0,1,0,-0.20367205480277056,0,1,-0.5744139497738472,-0.417515864610637,0,1,0,0,0,0,0,0,0,0,0,0,0,1
1,0,0,1,-1.6112358532610005,1,0,-0.31829449903419504,-1.315035265682383,0,0,0,0,0,0,1,0,1,0,1,1,0,0
1,0,0,0,1.4465751571827405,1,1,0.24012987716865236,1.4056601142211684,0,0,1,0,0,0,1,0,0,0,1,0,1,0
1,1,0,1,0.47584150307361633,1,1,-1.9905140425370489,-0.9008653748968463,1,0,0,0,1,1,0,1,0,1,0,0,0,0
1,0,0,0,-0.3978187856245954,1,0,-0.7866381146192217,-0.6729520692874484,0,0,0,0,0,0,0,0,0,0,1,1,0,0
0,0,0,0,-1.222942391617351,1,0,1.402400708021469,-0.8076582590742365,1,0,1,1,0,0,0,0,1,1,0,1,0,0
0,0,1,1,-1.1744057089118947,1,1,1.1939935245582052,-0.7437081534789268,0,0,1,1,0,0,1,0,0,1,0,0,0,0
1,0,1,1,1.2524284263609156,1,0,-0.1014899565302873,0.9001150683054413,0,0,1,0,0,0,0,0,1,0,1,1,0,0
1,0,0,1,-0.3978187856245954,1,1,0.3729608292661173,-0.10415273667442225,0,0,0,0,0,0,1,0,1,0,1,0,1,0
0,0,1,1,0.18462140684087908,1,0,-0.5301369657413588,-0.11273087902646238,0,0,1,0,0,0,1,0,1,0,1,0,0,1
0,0,1,0,-0.9802589780900699,0,0,0.3615098851197842,-0.7544987824832357,0,1,0,0,0,0,0,0,0,0,1,1,0,0
1,1,1,0,-1.3200157570282633,0,1,0.07370948890861032,-1.1022723293601433,0,1,0,0,0,0,0,0,0,0,0,0,0,0
0,0,0,1,0.6699882338954412,1,1,1.3214807027207145,1.4673977331642096,0,0,1,1,0,0,0,0,0,1,0,0,0,1
1,0,0,0,-1.6597725359664568,1,0,0.5550308411928145,-1.3639382876082082,0,0,0,1,0,0,0,0,1,0,0,0,1,0
1,0,0,0,-1.6112358532610005,1,1,-0.14614863870098674,-1.3150841904486494,1,0,0,0,0,0,1,0,0,0,0,1,0,0
0,0,1,0,0.3302314549572477,1,1,0.030577599290755552,0.279172807022727,0,0,0,0,0,0,0,0,0,0,0,0,1,0
0,0,1,0,0.13608472413542289,1,1,-0.5427330043023253,-0.20080089439110124,0,0,1,0,0,0,0,0,0,1,0,0,0,1
0,0,1,0,0.08754804142996668,1,0,-0.24348166394481857,-0.12145579567730141,1,0,0,0,0,0,0,0,1,0,0,0,0,0
0,1,1,1,-0.25220873750822675,1,1,0.9084833171762985,0.1323876360532818,0,0,0,1,0,0,0,0,0,0,1,0,0,0
0,0,0,1,0.03901135872451047,1,1,0.35463931863198406,0.24013627962729017,0,0,1,1,0,0,1,0,0,0,0,0,1,0
0,0,1,0,-0.9317222953846137,1,0,0.25959648221741893,-0.6954465895997055,1,0,0,0,0,0,0,0,0,1,0,0,1,0
1,0,1,0,-0.10659868939185815,1,0,1.014595399598986,0.36049120464260453,1,0,0,1,0,0,0,0,0,0,0,0,0,1
0,0,0,0,-0.15513537209731437,1,0,0.05271609130699961,-0.09714018684290684,0,0,1,0,0,0,0,0,1,1,0,0,1,0
1,0,1,1,1.0582816955390908,1,1,-0.7568656598387555,0.18361186633418997,0,0,1,0,0,0,1,0,0,0,1,0,1,0
0,0,1,0,0.42730482036816014,1,0,-1.910357433512717,-0.8573712576860274,0,0,0,0,1,1,0,1,0,0,0,0,1,0
1,0,0,0,-0.5919655164464203,1,0,-0.047670519042521536,-0.5129409031706564,0,0,1,0,0,0,0,0,0,0,1,0,1,0
0,0,0,1,-1.1744057089118947,1,1,-0.05110580228642108,-0.9722031201983806,1,0,1,0,0,0,0,0,0,0,0,0,1,0
0,0,1,1,0.13608472413542289,1,1,0.20654044100607524,0.24681179218008187,0,0,0,0,0,0,0,0,0,0,1,1,0,0
0,1,0,1,-0.20367205480277056,1,1,-0.856107175773643,-0.5381697743086904,1,0,0,0,0,0,1,0,0,0,0,0,0,0
1,0,1,0,0.42730482036816014,1,1,-0.10339844722134273,0.2696433497710629,1,0,0,1,0,0,0,0,0,1,0,1,0,0
1,0,0,0,-1.1744057089118947,1,1,-0.3194395934488284,-1.0351203696169555,0,0,1,0,0,0,1,0,1,1,0,1,0,0
1,0,0,0,-0.25220873750822675,1,0,-0.8412209483834099,-0.645613997114819,1,0,0,0,0,0,1,0,0,0,0,0,0,1
0,0,0,0,0.864134964717266,1,1,-0.3259284617984172,0.5015630501291639,0,0,1,0,0,0,0,0,0,0,1,0,0,1
1,0,1,0,-0.300745420213683,1,1,1.4787403356636903,0.34313378478831835,0,0,1,1,0,0,0,0,0,0,0,0,0,0
1,0,1,0,-0.15513537209731437,1,1,-0.42211639262761597,-0.3203838953164348,0,0,1,0,0,0,0,0,0,0,0,0,1,0
0,0,0,0,-1.3685524397337194,1,1,-0.5717420628063695,-1.1758769221653536,0,0,1,0,0,0,0,0,1,0,1,0,1,0
0,0,1,0,-0.9317222953846137,0,0,-0.27821619452202906,-0.8052555094420429,0,1,0,0,0,0,0,0,0,0,1,0,0,1
1,1,0,0,0.3787681376627039,1,0,-0.16714203630259744,0.21534773138565366,1,0,0,0,0,0,1,0,0,0,0,0,0,1
1,0,1,0,0.5243781857790726,1,0,-0.6560973513510235,0.004590710480335971,0,0,0,0,0,0,1,0,1,0,0,0,0,0
0,0,1,1,-0.15513537209731437,1,1,-0.4446365827820711,-0.34248158141342006,0,0,1,0,0,0,1,0,1,1,0,0,0,0
1,0,1,1,-0.25220873750822675,1,1,1.3230074952735593,0.3209219409033781,0,0,0,1,0,0,0,0,0,0,0,0,0,0
0,0,1,0,-0.3492821029191392,1,1,-0.8045779271151436,-0.6389982814985752,0,0,1,0,0,0,0,0,1,0,0,0,0,1
0,0,1,0,-1.3200157570282633,1,0,0.7214512294528566,-1.001362280893148,1,0,0,1,0,0,0,0,0,0,0,0,1,0
0,0,1,0,1.349501791771828,1,0,0.5542674449163925,1.640178263276529,1,0,1,1,0,0,0,0,0,0,0,0,1,0
1,0,0,0,1.0097450128336345,1,1,-0.07248089802624308,0.801466431256981,1,0,1,1,0,0,0,0,0,0,0,1,0,0
0,0,1,0,-1.028795660795526,1,1,-0.18164656555461928,-0.9222183173295543,1,0,0,0,0,0,1,0,0,0,0,0,1,0
0,0,1,0,1.7377952534154777,1,1,0.15882817372968702,1.6265608699990508,0,0,0,0,0,0,0,0,1,0,1,0,0,0
0,1,1,0,-0.6405021991518765,1,1,1.2970520218752037,-0.09344364894722411,0,0,0,1,0,0,0,0,1,0,0,0,0,1
0,0,0,0,-0.4463554683300516,1,1,-0.1469120349774088,-0.43908081436383267,0,0,1,1,0,0,0,0,0,0,0,0,0,1
1,0,1,0,-0.15513537209731437,1,1,0.4546442308432939,0.09968958393191273,0,0,0,1,0,0,0,0,0,1,0,0,0,0
0,0,1,0,1.349501791771828,1,1,-2.099679710065425,-0.8545227490722955,0,0,0,0,1,1,0,1,0,1,0,0,0,1
1,0,1,0,-0.05806200668640195,1,0,1.5195820364522783,-0.029504415522195848,0,0,1,1,0,0,0,0,0,0,1,1,0,0
0,0,0,0,-0.6405021991518765,1,0,-0.8744286864077763,-0.8014774302692496,1,0,1,0,0,0,0,0,0,0,0,0,0,0
1,0,0,0,-1.1258690262064386,1,1,0.02561552349401081,-0.8763105783162602,0,0,1,0,0,0,0,0,0,0,0,0,0,1
1,0,1,0,-0.5434288337409641,1,0,0.40998554867259446,-0.3273203399559806,0,0,0,0,0,0,0,0,0,0,1,0,1,0
1,0,0,1,-0.15513537209731437,1,0,0.06111345034764389,-0.11178500021197875,0,0,1,1,0,0,0,0,1,0,0,0,0,0
0,0,1,1,1.6892585707100214,1,1,-2.1229632964963026,-0.7732097875375588,0,0,1,0,1,1,0,1,0,1,0,0,0,1
0,1,0,1,-1.0773323435009823,1,1,0.4118940393636499,-0.8180846703741179,0,0,0,1,0,0,0,0,1,0,0,1,0,0
0,1,0,0,-1.222942391617351,1,0,0.06111345034764389,-1.0498684686037012,1,0,0,0,0,0,0,0,0,1,0,0,0,1
0,0,1,0,1.4465751571827405,1,1,-0.6560973513510235,0.568709573787211,0,0,0,0,0,0,1,0,1,0,0,0,1,0
0,0,1,1,-1.5141624878500881,1,1,1.2165137147126606,-1.1858738827391189,1,0,1,1,0,0,1,0,0,0,0,0,0,0
1,0,0,0,0.621451551189985,1,0,-1.0706215294482846,-0.2502583970012787,0,0,1,0,0,0,0,0,1,0,0,0,0,1
0,0,0,1,-0.05806200668640195,1,1,0.7733621762495669,0.3577949064128125,1,0,1,1,0,0,1,0,0,0,0,0,1,0
0,0,1,0,-0.25220873750822675,1,0,0.9558138863144754,0.16709703967671388,0,0,0,1,0,0,0,0,0,0,0,0,0,0
0,1,0,0,1.7377952534154777,1,0,0.2546344064206742,1.6907827798513957,1,0,0,0,0,0,0,0,1,1,0,0,1,0
1,0,1,0,-0.3978187856245954,1,1,-0.07324429430266514,-0.381740988299626,1,0,1,1,0,0,1,0,0,1,0,0,0,0
0,0,0,0,0.03901135872451047,1,1,1.021847664224997,0.6120243001883864,0,0,0,1,0,0,0,0,0,0,0,1,0,0
0,0,0,0,-1.4170891224391757,1,0,0.19241760989226414,-1.1541488898579366,0,0,1,0,0,0,1,0,0,0,1,0,1,0
1,0,1,1,-1.7083092186719129,1,0,-1.9920408350898935,-1.4493500573390399,0,0,0,0,1,1,0,1,0,0,1,1,0,0
0,0,1,0,1.4951118398881966,1,0,0.5420531044936368,1.758478348108655,0,0,0,1,0,0,0,0,1,1,0,1,0,0
0,0,0,0,1.106818378244547,1,0,-2.139758014577591,-0.9073451883845722,0,0,0,0,1,1,0,1,0,0,1,0,1,0
0,0,0,1,0.2331580895463353,1,1,-1.083980964285673,-0.42915995898203735,1,0,0,0,0,0,0,0,0,0,0,0,1,0
0,1,0,0,-0.05806200668640195,1,0,-0.2682920429285401,-1.0881221997388757,1,0,0,0,0,0,0,0,0,0,0,0,1,0
0,0,1,0,0.9612083301281784,1,0,0.7432080233308899,1.364525257961418,0,0,1,1,0,0,0,0,0,0,0,1,0,0
0,0,0,0,-0.15513537209731437,1,0,0.06187684662406595,-0.12036857864915947,1,0,1,1,0,0,0,0,0,0,1,0,1,0
1,0,0,1,1.6407218880045653,0,0,-0.11942976902620922,1.1941148609704477,0,1,0,0,0,0,0,0,0,1,0,0,0,1
1,0,0,1,0.7670615993063535,1,0,1.2993422107044705,1.601647291799178,1,0,0,1,0,0,0,0,1,0,0,0,1,0
0,1,1,0,-0.300745420213683,1,1,0.39395422686772796,-0.11812347548604651,1,0,0,0,0,0,0,0,1,0,0,0,0,1
1,0,0,0,-0.3978187856245954,1,0,1.5566067558587555,0.2939154699243321,0,0,1,1,0,0,0,0,0,1,0,1,0,0
0,0,0,1,1.4951118398881966,0,0,-0.6339588593347795,0.6033700526443764,1,1,0,0,0,0,1,0,1,0,0,0,0,0
0,0,0,1,-1.7083092186719129,1,0,-0.08622203100184286,-1.4198973480466746,0,0,1,0,0,0,1,0,1,0,0,1,0,0
1,0,0,0,0.7670615993063535,1,1,0.7210695313146452,1.2238339384347081,0,0,1,1,0,0,0,0,1,0,0,0,1,0
0,0,0,0,-0.8346489299737012,1,1,-0.08813052169289828,-0.11273087902646238,0,0,1,0,0,0,1,0,1,0,0,0,0,1
0,0,1,0,0.3787681376627039,1,1,1.503932412785623,1.2367065880479091,1,0,0,1,0,0,0,0,0,1,0,0,1,0
0,1,0,1,-0.6405021991518765,1,0,0.7905385924690668,-0.2998463656548334,1,0,0,1,0,0,0,0,0,0,1,1,0,0
0,0,0,0,-0.3978187856245954,1,1,-0.07667957754656522,-0.36074682748620496,0,0,0,1,0,0,0,0,1,1,0,0,0,0
0,0,0,0,1.4951118398881966,1,1,0.5355642361440479,1.7699104351595674,0,0,0,1,0,0,0,0,1,0,1,0,1,0
1,0,1,0,-1.028795660795526,1,0,0.9592491695583755,-0.6629224922028389,0,0,0,1,0,0,0,0,1,0,0,0,1,0
1,1,1,0,0.13608472413542289,1,1,-0.9370271810743975,-0.37035782601497974,0,0,0,0,0,0,0,0,0,0,1,0,1,0
0,1,0,0,-0.00952532398094574,1,1,0.039738354607821894,-0.11273087902646238,0,0,1,0,0,0,0,0,1,1,0,0,1,0
1,1,0,0,-1.0773323435009823,1,0,1.6024105324440883,-0.586333488655379,1,0,0,1,0,0,1,0,1,0,0,1,0,0
0,0,0,0,0.864134964717266,1,1,-0.3572277091317282,0.48115598651093944,1,0,1,0,0,0,1,0,1,0,0,0,1,0
1,0,1,1,-0.20367205480277056,1,0,1.3756818383466916,0.42974149325010624,1,0,1,1,0,0,1,0,1,0,0,0,0,0
1,0,1,0,1.1553550609500032,0,1,1.18521446737935,1.996780012421949,0,1,0,1,0,0,0,0,1,0,0,0,1,0
1,1,0,0,1.4951118398881966,1,0,-1.9912774388134713,-0.6343558647884091,0,0,1,0,1,1,0,1,0,0,1,0,1,0
0,0,1,1,0.13608472413542289,1,1,0.49815781859936,0.3453734518662907,0,0,0,1,0,0,1,0,0,0,1,1,0,0
1,0,0,1,0.18462140684087908,1,1,0.14432364447766463,0.21958244171026656,0,0,1,0,0,0,0,0,0,0,0,1,0,0
1,0,1,0,-0.3978187856245954,1,1,0.600452919639936,-0.04457867961738405,0,0,0,1,0,0,0,0,0,0,0,0,0,1
0,0,0,1,-1.6597725359664568,1,0,1.1871229580704055,-1.3590186305558656,1,0,0,1,0,0,0,0,0,0,0,0,0,1
0,0,1,1,-1.3200157570282633,1,1,1.170328239989117,-0.9515949214299498,1,0,0,1,0,0,1,0,1,1,0,1,0,0
0,0,0,1,-1.0773323435009823,1,1,-1.0526817169523623,-1.1557579710595867,1,0,0,0,0,0,0,0,0,0,0,0,0,1
1,0,0,1,0.9126716474227222,1,1,1.5562250577205448,1.9942794132572224,0,0,1,1,0,0,1,0,1,0,0,0,0,0
1,0,0,1,-0.10659868939185815,1,1,-0.9755786930337191,-0.5998312880597614,0,0,1,0,0,0,1,0,1,1,0,0,0,0
0,1,0,1,-1.465625805144632,1,0,1.4699612784848346,-1.1197112904915403,0,0,0,1,0,0,0,0,0,1,0,0,0,1
1,0,1,0,-0.05806200668640195,1,1,0.34395177076207306,-0.5349733562459531,0,0,1,0,0,0,0,0,1,0,1,0,1,0
0,0,1,0,0.3787681376627039,1,0,-0.07744297382298727,0.29140943467446484,0,0,0,0,0,0,1,0,0,0,1,1,0,0
1,0,1,1,1.6407218880045653,0,0,0.5042649888107376,1.8421125179984745,0,1,0,1,0,0,1,0,1,0,0,0,0,1
0,0,1,1,-0.3492821029191392,0,1,1.1886497506232496,0.24531143268124586,0,1,0,1,0,0,0,0,0,1,0,0,1,0
0,0,0,0,0.621451551189985,1,0,0.2527259157296188,0.6878903044121318,0,0,1,0,0,0,1,0,0,0,1,0,0,0
0,1,1,0,-0.9802589780900699,1,0,-0.5408245136112698,-0.9337536899981403,0,0,0,0,0,0,0,0,1,0,0,0,1,0
0,0,1,0,0.3787681376627039,1,1,0.1424151537866092,0.38174629754277967,0,0,0,1,0,0,0,0,0,0,0,1,0,0
1,1,0,0,-1.1258690262064386,1,1,0.8642063331438099,-0.7210288062718857,0,0,0,1,0,0,0,0,0,0,1,1,0,0
0,0,0,0,-1.5626991705555444,1,1,0.7745072706642002,-1.2400172907405882,0,0,1,1,0,0,0,0,1,0,0,1,0,0
0,0,1,1,-0.5434288337409641,1,0,1.184832769241139,0.012016402782545439,0,0,1,1,0,0,1,0,0,1,0,0,0,0
1,0,0,0,-0.15513537209731437,0,1,0.19432610058331956,-0.05333077669392673,1,1,0,1,0,0,0,0,0,0,0,0,1,0
0,0,0,0,-0.8831856126791574,1,1,0.8615344461763323,-0.5740098836413899,0,0,0,1,0,0,0,0,0,0,0,0,1,0
0,0,1,1,-1.5626991705555444,1,1,0.3340276191685841,-1.276080279564057,1,0,1,0,0,0,0,0,1,0,0,0,1,0
1,0,0,0,1.7377952534154777,1,0,-0.9534402010174751,0.45961821718344714,0,0,0,0,0,0,1,0,1,0,1,0,1,0
1,0,0,0,-0.6890388818573326,1,0,-2.1332691462280025,-1.2453446541784836,0,0,1,0,1,1,0,1,0,0,0,0,1,0
1,0,1,0,0.9126716474227222,0,1,-0.7599192449444445,0.18010015533329143,0,1,0,0,0,0,0,0,0,0,0,0,0,1
0,0,0,1,0.3302314549572477,1,1,-0.3839465788065052,0.0684049139471279,0,0,0,0,0,0,1,0,0,0,0,0,1,0
1,0,1,1,0.6699882338954412,1,1,1.4566018436474462,1.624370127687345,0,0,0,1,0,0,0,0,1,0,0,0,1,0
1,0,0,1,0.47584150307361633,1,1,-1.928297246008639,-0.812632276977986,0,0,1,0,1,1,0,1,0,0,1,0,0,1
0,1,0,0,-1.1258690262064386,1,0,1.0134503051843526,-0.7343472148666246,1,0,0,1,0,0,0,0,0,1,0,1,0,0
0,0,1,1,0.9612083301281784,1,0,0.6542723571277017,1.3203244496823066,0,0,0,1,0,0,1,0,1,0,1,0,1,0
1,0,1,0,-1.3200157570282633,1,0,1.1630759753631061,-0.9708495349983438,0,0,1,1,0,0,1,0,1,0,0,0,1,0
1,1,0,0,-1.6112358532610005,1,1,-0.5152507383511257,-1.3784635071041844,0,0,1,0,0,0,0,0,0,0,0,0,1,0
0,0,1,1,0.7670615993063535,1,1,-0.16561524374975278,0.5234813454165056,0,0,1,0,0,0,0,0,1,0,0,0,0,0
0,0,1,1,-1.465625805144632,1,0,0.27181082264017403,-1.1775621085589734,0,0,0,0,0,0,0,0,0,0,0,0,0,0
1,0,0,0,-0.05806200668640195,1,1,-0.023623536335221514,-0.0575437426779768,1,0,1,0,0,0,1,0,0,1,0,1,0,0
0,0,1,0,-0.05806200668640195,1,0,0.38288498085960565,1.2337276133908,0,0,0,1,0,0,1,0,0,1,0,0,1,0
0,0,0,0,-0.15513537209731437,1,1,0.6649599049976127,0.20399174952671104,1,0,0,1,0,0,0,0,0,0,0,0,1,0
0,0,1,1,-0.3492821029191392,1,0,1.5661492093140332,0.328119317629678,0,0,0,1,0,0,0,0,1,0,0,0,1,0
1,0,1,0,-0.4948921510355078,1,1,1.3539250444686588,0.0830769077419037,0,0,1,1,0,0,1,0,1,0,1,1,0,0
1,0,1,1,-1.3685524397337194,1,0,-0.7427428287249447,-1.2269054533811963,1,0,0,0,0,0,0,0,0,0,0,1,0,0
0,0,0,0,-1.0773323435009823,1,0,0.8386325578836663,-0.7228227143683199,1,0,1,1,0,0,0,0,0,0,0,0,0,0
1,0,1,0,-0.786112247268245,1,0,-0.006828818253932953,-0.6322086111578287,0,0,1,1,0,0,1,0,1,0,0,0,0,0
0,0,0,0,-0.7375755645627888,1,0,-1.973337626317549,-1.1903369086396414,0,0,0,0,1,1,0,1,0,0,1,0,1,0
1,0,0,0,0.8155982820118097,0,1,-1.9641768710004828,-0.8333165809383867,0,1,0,0,1,1,0,1,0,1,0,1,0,0
1,0,1,1,1.0582816955390908,1,1,-0.9725251079280304,0.12020536925295128,0,0,0,0,0,0,1,0,1,0,1,1,0,0
1,0,1,0,-1.6597725359664568,1,1,0.8909252028185873,-1.3502774056496045,1,0,0,1,0,0,0,0,1,0,0,0,0,1
0,1,0,1,-1.0773323435009823,1,0,-0.9980988831881743,-1.1524093426129096,1,0,0,0,0,0,1,0,0,0,0,1,0,0
0,0,0,0,0.08754804142996668,1,1,0.13325439846954287,0.16984226267277217,1,0,0,0,0,0,0,0,1,0,0,0,0,1
0,0,0,0,-0.6890388818573326,1,1,1.3627041016475139,-0.12396183092716868,0,0,0,1,0,0,1,0,1,0,0,0,0,0
0,0,0,1,-1.3685524397337194,1,1,0.06111345034764389,-1.1276371026266951,0,0,0,1,0,0,0,0,0,1,0,0,0,1
1,0,0,0,0.9126716474227222,1,1,-0.5171592290421814,0.3385729093552629,0,0,0,0,0,0,1,0,0,0,0,0,0,1
0,0,0,0,1.106818378244547,1,1,0.06111345034764389,1.8089089099590192,0,0,0,1,0,0,0,0,1,0,0,0,0,1
1,0,0,0,-1.465625805144632,1,1,-0.6144922542860132,-1.2850063313651021,1,0,1,0,0,0,1,0,0,1,0,0,1,0
1,0,0,0,1.0097450128336345,0,0,-0.14309505359529795,0.7211210928772908,0,1,0,1,0,0,1,0,1,0,0,1,0,0
1,0,1,1,0.13608472413542289,1,1,-0.7858747183427998,-0.3063424873979815,0,0,1,0,0,0,1,0,0,0,1,0,0,0
0,0,0,0,-1.028795660795526,1,1,-1.9122659242037723,-1.3098166239473017,0,0,1,0,1,1,0,1,0,0,1,0,1,0
0,0,0,0,-0.9317222953846137,1,0,-0.5259382862210367,-0.9102371856794299,0,0,1,0,0,0,0,0,1,1,0,0,1,0
1,0,1,0,1.7377952534154777,1,1,-0.28241487404235116,1.1328991062009153,0,0,0,0,0,0,0,0,1,0,1,1,0,0
0,0,0,1,-0.5434288337409641,1,0,-1.0488647355702516,-0.8023145873809189,1,0,0,0,0,0,1,0,0,0,0,0,0,0
0,0,1,0,-1.028795660795526,1,0,2.783146010732866,-0.8997999022092671,1,0,0,1,0,0,1,0,0,1,0,0,0,1
0,0,1,0,-0.6405021991518765,1,1,-0.0640835389855988,-0.5456226470366035,0,0,1,1,0,0,0,0,0,0,1,0,0,1
1,0,1,1,0.03901135872451047,1,1,-0.3438682742943392,-0.14739135788362775,1,0,0,0,0,0,0,0,0,1,0,0,1,0
0,0,1,0,1.1553550609500032,1,1,-1.879058186179406,-0.6701198689291387,0,0,1,0,1,1,0,1,0,0,1,0,1,0
0,0,0,0,1.2524284263609156,1,1,0.436704418347372,1.405018656174565,0,0,0,1,0,0,0,0,0,0,1,1,0,0
0,0,0,0,1.6407218880045653,0,1,-0.6190726319445464,0.7729324203533955,1,1,0,0,0,0,1,0,0,0,0,0,1,0
1,0,0,1,-0.10659868939185815,0,1,-0.07400769057908774,-0.11273087902646238,0,1,0,0,0,0,0,0,1,1,0,0,0,1
0,0,0,0,-0.9802589780900699,1,1,-0.588155082749447,-0.975530004304495,1,0,1,0,0,0,0,0,0,0,0,0,0,1
0,0,0,1,1.2038917436554595,1,1,-0.7744237741964664,0.34868402771698304,1,0,1,0,0,0,0,0,0,0,0,0,1,0
1,0,1,0,-1.5141624878500881,1,1,1.4974435444360343,-1.1378351983506665,1,0,1,1,0,0,0,0,1,0,0,0,1,0
1,1,1,1,1.349501791771828,1,1,0.14966741841262016,1.20653631551697,0,0,0,1,0,0,1,0,0,0,0,0,0,0
0,0,0,0,0.5729148684845288,1,1,1.250484849013449,1.3337678882352817,0,0,0,1,0,0,0,0,1,0,0,0,0,0
0,0,1,1,-0.5434288337409641,1,0,0.301201579282429,-0.3756851894528754,1,0,1,0,0,0,1,0,0,0,0,0,1,0
0,0,1,0,0.9612083301281784,0,1,0.4821264967944935,1.113122628459013,0,1,0,1,0,0,1,0,0,0,1,1,0,0
1,0,1,1,-1.6112358532610005,1,1,0.56037461512777,-1.3480703550824762,0,0,0,1,0,0,0,0,1,0,1,0,0,1
1,0,0,0,-1.1744057089118947,1,1,0.6168659395830138,-0.8649763407978803,1,0,1,1,0,0,0,0,0,0,0,0,0,1
1,0,1,0,0.2331580895463353,1,0,0.06111345034764389,0.1609923160636968,0,0,1,0,0,0,1,0,0,0,0,0,0,1
0,0,1,0,-1.028795660795526,1,0,0.5382361231115259,-0.7360595816859481,1,0,1,1,0,0,0,0,1,0,0,1,0,0
1,0,1,0,0.5729148684845288,1,1,-2.116092730008503,-1.0136152168003076,1,0,0,0,1,1,0,1,0,0,1,0,1,0
1,0,0,1,0.5243781857790726,1,0,-1.058025490887318,-0.3191662122449159,0,0,0,0,0,0,0,0,0,0,1,1,0,0
1,0,0,0,1.0582816955390908,1,0,-0.5652531944567806,0.46287443218273244,1,0,1,0,0,0,0,0,0,0,0,1,0,0
0,0,0,0,0.3302314549572477,1,0,0.9916935113063193,0.9121777412326761,0,0,0,1,0,0,0,0,0,0,0,0,1,0
0,0,1,0,0.3302314549572477,1,0,0.28402516306292974,0.4362593593338174,0,0,1,0,0,0,1,0,1,0,1,0,1,0
0,0,1,0,0.621451551189985,1,1,-1.9366946050492833,-0.8252603027598548,0,0,0,0,1,1,0,1,0,0,0,0,0,1
1,0,1,0,-1.6597725359664568,0,1,1.2562103210866158,-1.3639002350122231,0,1,0,1,0,0,0,0,1,0,1,0,0,0
1,0,0,0,1.2524284263609156,1,0,0.43594102207094937,1.4424189219426482,0,0,0,1,0,0,0,0,1,0,0,0,0,1
1,0,1,0,-1.222942391617351,1,1,0.1302008133638541,-1.0052110291727703,1,0,0,0,0,0,0,0,0,0,1,0,0,1
0,0,1,0,1.349501791771828,1,1,0.8142038770381554,1.8561158733209429,0,0,1,1,0,0,0,0,0,0,1,0,0,1
0,0,1,1,0.5729148684845288,1,1,-0.30951544185533997,0.28154294014407655,0,0,0,0,0,0,0,0,0,0,0,1,0,0
1,0,1,0,1.592185205299109,1,1,-1.0026792608467077,0.3455093539948084,0,0,0,0,0,0,1,0,1,0,0,0,1,0
1,1,1,1,-1.222942391617351,0,1,-2.074105934805281,-1.3354097127897633,1,1,0,0,1,1,0,1,0,0,0,0,0,0
0,0,0,0,-0.4948921510355078,1,0,-0.588536780887658,-0.6280554421103265,1,0,0,0,0,0,0,0,0,0,0,0,1,0
0,0,0,0,-0.05806200668640195,1,1,-0.19233411342453027,-0.14028095851957942,0,0,1,0,0,0,0,0,1,1,0,0,1,0
0,0,0,0,1.3980384744772842,1,0,0.43594102207094937,1.5651113635684677,1,0,0,1,0,0,0,0,0,1,0,0,0,1
0,0,1,0,0.42730482036816014,1,1,0.26226836918489643,0.5381913918072662,1,0,0,0,0,0,0,0,0,1,0,0,1,0
0,0,1,1,0.8155982820118097,1,0,-0.12897222248148688,0.5858278058953059,0,0,1,1,0,0,1,0,0,0,0,0,0,1
1,0,1,1,-0.5434288337409641,1,0,-0.567543383286047,-0.6738653315910877,0,0,0,0,0,0,0,0,0,1,0,0,1,0
0,0,1,0,1.4465751571827405,1,1,1.0520018171436738,2.185624174125066,1,0,1,1,0,0,1,0,1,0,0,0,0,1
0,0,0,1,-0.5919655164464203,1,0,1.0027627573144415,-0.11273087902646238,1,0,0,1,0,0,0,0,0,0,0,0,0,1
1,0,0,0,-0.3492821029191392,1,0,1.0569638929404186,0.08309865208246651,1,0,0,1,0,0,0,0,0,0,0,1,0,0
1,0,0,0,0.03901135872451047,1,1,-0.13355260014002032,-0.008521126879055936,1,0,0,0,0,0,0,0,1,0,0,0,0,1
1,0,1,0,1.4951118398881966,1,1,-0.9003841598061314,0.31639368198116696,0,0,1,0,0,0,0,0,0,0,1,0,0,1
0,0,1,1,0.5729148684845288,0,0,0.8214561416641664,1.0555164342229115,0,1,0,1,0,0,1,0,1,0,0,0,0,1
0,0,0,0,-0.8346489299737012,1,0,-2.1034966914475364,-1.277009850123118,0,0,1,0,1,1,0,1,0,0,0,0,1,0
1,1,1,0,0.13608472413542289,1,1,1.3279695710703034,0.7918771770687693,0,0,0,1,0,0,0,0,0,0,0,0,1,0
0,0,1,0,0.5729148684845288,1,0,1.5886693994684886,1.5895030775948322,0,0,1,1,0,0,0,0,0,0,0,0,1,0
0,0,0,0,1.543648522593653,1,1,1.3600322146800365,2.6005061920640355,1,0,0,1,0,0,0,0,0,0,0,0,1,0
0,1,0,0,1.4951118398881966,1,0,-0.7499950933509556,0.49648031052260005,0,0,1,0,0,0,0,0,0,0,1,0,0,0
0,0,1,0,0.08754804142996668,1,0,-0.14233165731887534,0.03302687185138875,1,0,1,0,0,0,0,0,1,0,0,1,0,0
0,0,1,0,-0.5434288337409641,1,0,0.228297234884108,-0.38088208684739394,0,0,1,0,0,0,0,0,1,1,0,1,0,0
0,0,1,0,-0.7375755645627888,1,1,-0.38089299370081636,-0.7645827204192523,1,0,1,0,0,0,1,0,0,0,0,0,1,0
1,0,1,0,-1.3200157570282633,0,1,-0.06293844457096544,-1.1758714860802129,1,1,0,1,0,0,0,0,1,0,0,0,0,0
0,0,0,0,1.543648522593653,1,1,-0.5072350774486925,0.76576766013794,1,0,0,0,0,0,1,0,0,0,0,0,1,0
0,0,0,0,1.543648522593653,1,1,-0.7603009430826556,0.5763798899207523,0,0,1,0,0,0,0,0,0,1,0,1,0,0
1,0,0,0,-1.3200157570282633,1,1,-0.4808979059121262,-1.1962948579538593,1,0,0,0,0,0,1,0,0,0,0,0,1,0
1,1,0,0,-0.10659868939185815,0,1,-0.1465303368391975,-0.1327193640888522,1,1,0,1,0,0,0,0,0,0,0,0,0,1
0,0,1,0,0.3787681376627039,1,0,1.0115418144932966,0.9574277139439447,0,0,0,1,0,0,1,0,1,0,1,0,0,0
0,1,0,0,-1.5626991705555444,0,0,1.3707197625499474,-1.2197461292508816,0,1,0,1,0,0,1,0,1,0,0,0,1,0
0,0,0,0,-1.1744057089118947,1,1,-0.8690849124728207,-1.1401618427908904,1,0,0,0,0,0,0,0,0,0,0,0,0,0
1,0,1,0,1.6892585707100214,1,0,-1.9664670598297493,-0.11273087902646238,0,0,0,0,1,1,0,1,0,0,0,0,0,0
1,0,1,1,-0.300745420213683,1,1,-0.24844373974156275,-0.39306978973286527,0,0,0,0,0,0,0,0,0,0,1,0,0,0
1,1,1,0,1.2038917436554595,1,1,0.2679938412580632,1.2122931296809816,0,0,0,1,0,0,1,0,0,1,0,0,0,1
1,0,0,1,1.0097450128336345,1,1,-0.6087667822128466,0.40419732917391116,1,0,1,0,0,0,0,0,1,0,0,0,0,0
0,1,1,0,1.349501791771828,1,1,-2.0825032938459254,-0.7389841954916501,0,0,1,0,1,1,0,1,0,1,0,1,0,0
0,0,1,0,1.4465751571827405,1,1,1.051620119005463,2.215946657039945,1,0,0,1,0,0,0,0,1,1,0,1,0,0
1,0,1,0,-0.5919655164464203,1,1,-0.8064864178061993,-0.7777869712260363,0,0,0,0,0,0,1,0,0,0,0,0,0,0
0,0,1,0,-0.9802589780900699,1,0,1.4104163689239022,-0.5357887690170595,1,0,1,1,0,0,0,0,0,0,0,0,0,1
0,0,0,1,0.2331580895463353,1,1,-1.9237168683501054,-0.8778598625813625,1,0,0,0,1,1,0,1,0,0,0,0,1,0
0,0,1,0,1.6892585707100214,1,1,-0.6652581066680902,0.7374076039588573,0,0,0,0,0,0,1,0,1,0,0,0,1,0
0,0,0,0,1.106818378244547,0,0,-0.21180071847329685,0.7563034359079642,0,1,0,0,0,0,1,0,0,0,0,0,0,1
1,0,1,0,-1.465625805144632,1,1,-0.9996256757410187,-1.286620848651893,1,0,0,0,0,0,1,0,0,0,0,0,1,0
0,0,1,0,1.592185205299109,1,0,0.5145708385424372,1.851375607078244,0,0,0,1,0,0,0,0,1,0,0,0,0,0
0,0,0,0,1.3009651090663719,1,0,-1.8794398843176172,-0.6490930916048732,0,0,1,0,1,1,0,1,0,0,0,0,0,0
1,0,1,0,0.2331580895463353,1,1,0.3607464888433616,0.38175173362792053,0,0,1,0,0,0,0,0,0,1,0,0,0,1
1,1,0,1,-0.7375755645627888,1,1,0.6149574488919578,-0.39043872452476164,1,0,0,1,0,0,0,0,1,1,0,0,1,0
1,0,0,1,-1.5626991705555444,1,0,-1.9584513989273162,-1.3914285701647773,1,0,1,0,1,1,0,1,0,0,0,0,0,1
0,0,1,0,-0.20367205480277056,1,1,-2.0817398975695034,-1.1429125018720896,1,0,0,0,1,1,0,1,0,0,0,1,0,0
1,0,0,0,-0.5434288337409641,1,1,0.7832863278430559,-0.1620579155932627,0,0,1,1,0,0,0,0,0,0,0,0,0,1
1,0,1,0,0.13608472413542289,1,1,-0.3160043102049283,-0.04019719499397201,0,0,1,0,0,0,0,0,0,0,0,0,1,0
0,0,0,1,-0.05806200668640195,1,1,-1.077110397797873,-0.5843275732384571,0,0,1,0,0,0,1,0,1,0,0,0,0,1
1,0,1,0,-0.3978187856245954,1,0,1.5050775072002565,0.26807775725053845,1,0,1,1,0,0,0,0,0,0,0,0,0,0
0,0,1,0,-0.300745420213683,1,1,-0.6202177263591797,-0.11273087902646238,0,0,0,0,0,0,0,0,1,0,0,0,0,1
0,1,1,0,-1.5141624878500881,1,1,-0.06828221850592094,-1.2702093076120902,1,0,1,0,0,0,1,0,0,1,0,0,1,0
0,0,1,0,1.4465751571827405,1,1,-0.09423769190427639,1.1314694158089085,0,0,1,1,0,0,0,0,0,1,0,1,0,0
0,0,1,0,-0.9802589780900699,1,1,0.7527504767861675,-0.6163896033983634,1,0,1,1,0,0,0,0,0,0,0,0,0,1
1,1,1,0,-1.1744057089118947,1,1,0.7397727400869898,-0.8377415542429245,0,0,0,1,0,0,1,0,1,0,0,0,0,0
1,0,1,0,-0.8831856126791574,1,0,0.19814308196543096,-0.6393190105218771,0,0,0,1,0,0,1,0,0,1,0,0,0,0
0,0,1,0,1.2038917436554595,1,0,-0.005683723839299593,0.981781375374324,0,0,1,1,0,0,0,0,0,0,1,0,1,0
0,0,1,0,-0.8346489299737012,1,1,1.5096578848587898,-0.27922729471612107,1,0,0,1,0,0,1,0,0,0,0,0,1,0
0,0,0,1,0.5729148684845288,1,1,-0.16447014933511941,0.3889110577582353,1,0,0,0,0,0,1,0,0,0,0,0,1,0
1,0,0,0,1.543648522593653,1,1,-0.36753355886342787,0.9278282303527795,1,0,1,0,0,0,1,0,0,0,1,0,1,0
0,0,0,0,-0.00952532398094574,1,0,0.4534991364286605,0.22982946220050443,0,0,1,1,0,0,0,0,0,0,1,0,0,1
0,0,1,0,-1.0773323435009823,1,1,0.7867216110869554,-0.7406041488635816,0,0,1,1,0,0,1,0,1,0,0,0,0,0
0,1,0,0,-0.20367205480277056,1,1,-2.026775365667104,-1.0839092337548257,0,0,0,0,1,1,0,1,0,0,0,1,0,0
0,0,0,0,-1.3200157570282633,1,0,-0.5942622529608246,-1.1845311697093635,0,0,1,0,0,0,1,0,1,0,1,0,0,1
0,0,0,0,1.3009651090663719,1,0,0.10958911390045416,1.180584445055221,0,0,1,0,0,0,0,0,0,0,0,0,1,0
0,0,1,0,0.9612083301281784,0,0,0.06111345034764389,0.7154566921606711,0,1,0,1,0,0,0,0,0,0,0,0,1,0
0,0,1,1,-1.1258690262064386,1,1,0.8019895366153998,-0.8078539581393022,0,0,1,1,0,0,0,0,0,0,0,0,0,1
1,0,0,1,-0.8831856126791574,0,1,1.116890500639562,-0.42717035182053753,0,1,0,1,0,0,0,0,0,0,0,0,0,1
1,0,0,0,-1.4170891224391757,0,1,-0.11942976902620922,-1.1918970650750254,1,1,0,0,0,0,1,0,0,0,0,1,0,0
1,0,0,0,1.1553550609500032,1,0,-0.12057486344084259,0.8627365468779209,0,0,0,1,0,0,1,0,1,1,0,0,0,0
0,0,0,0,-0.10659868939185815,1,0,0.217609687014197,0.029112890550077566,1,0,0,1,0,0,0,0,0,0,0,0,0,1
1,1,0,0,-0.05806200668640195,1,0,1.0974238955907953,2.493643630367963,1,0,1,1,0,0,1,0,0,0,0,0,0,0
0,0,0,0,0.2816947722517915,1,1,1.008869927525819,0.8320172297477698,0,0,0,1,0,0,0,0,1,0,0,0,1,0
1,0,0,0,-0.9802589780900699,1,1,1.6314195909481326,-0.447109912116661,1,0,0,1,0,0,1,0,0,0,0,1,0,0
0,0,1,0,1.6407218880045653,1,1,1.1081114434607064,2.4840543761797504,1,0,0,1,0,0,1,0,0,0,0,1,0,0
1,0,0,0,0.864134964717266,1,1,0.33097403406289533,1.0008239816222306,1,0,0,0,0,0,0,0,1,0,0,0,0,1
0,0,0,0,-0.8346489299737012,1,1,0.47143894892458243,-0.5441114153674862,1,0,1,1,0,0,1,0,1,0,1,0,0,0
1,1,1,0,0.2331580895463353,1,0,1.6348548741920326,1.1103502250372508,1,0,0,1,0,0,1,0,0,1,0,0,0,0
1,0,0,0,0.42730482036816014,0,0,0.29356761651820734,0.5464542412211452,0,1,0,1,0,0,0,0,1,0,1,0,1,0
1,0,0,0,0.2816947722517915,1,0,1.5142382625173227,1.1639282801840867,0,0,1,1,0,0,0,0,0,1,0,0,0,0
0,0,1,0,-0.4463554683300516,1,0,-2.0027283829598046,-1.077255465542597,1,0,0,0,1,1,0,1,0,0,0,0,0,0
0,0,0,0,-0.00952532398094574,1,1,0.06111345034764389,-0.14738592179848717,0,0,0,0,0,0,0,0,1,1,0,0,1,0
1,0,0,0,-0.786112247268245,1,1,-0.28928544053015137,-0.7778902568437098,1,0,1,0,0,0,0,0,0,0,0,0,0,1
1,0,1,0,1.6892585707100214,1,0,-0.8664130255053429,0.5275964618680229,0,0,0,0,0,0,0,0,1,0,0,0,1,0
1,0,1,0,0.03901135872451047,1,1,0.9607759621112196,0.5523469575136746,0,0,1,1,0,0,1,0,1,0,0,0,1,0
0,0,0,1,1.2524284263609156,1,1,-0.27516260941634024,0.838333960681275,0,0,1,0,0,0,1,0,0,0,0,0,1,0
1,0,1,1,0.08754804142996668,1,1,-0.06255674643275468,0.03341826998151975,0,0,1,0,0,0,1,0,0,0,1,0,0,1
0,0,0,0,-0.6890388818573326,1,1,-0.8587790627411208,-0.8733914005956991,1,0,0,0,0,0,1,0,1,0,0,1,0,0
0,0,1,1,0.5729148684845288,1,1,0.8413044448511438,1.014115209791266,1,0,1,1,0,0,0,0,1,0,0,1,0,0
0,0,1,0,-1.465625805144632,1,1,0.10615383065655408,-1.1719085800126354,1,0,0,1,0,0,0,0,1,0,0,0,0,0
1,0,0,0,-0.4463554683300516,1,1,0.47372913775384917,-0.19795238577736943,0,0,1,1,0,0,1,0,0,1,0,0,0,0
1,0,1,1,0.2331580895463353,1,0,-2.1050234840003808,-1.0142566748469113,0,0,0,0,1,1,0,1,0,0,1,1,0,0
0,0,0,0,-0.9802589780900699,1,1,-1.993949325780949,-1.2487639517319902,0,0,1,0,1,1,0,1,0,1,0,0,0,0
0,0,0,0,0.5243781857790726,1,1,0.22448025350199716,0.6058108548725551,0,0,0,1,0,0,0,0,1,0,0,0,0,1
0,0,0,0,-0.15513537209731437,1,0,1.546682604265267,0.616976573751573,1,0,1,1,0,0,1,0,0,0,0,0,1,0
0,1,1,1,0.621451551189985,1,0,2.783146010732866,0.32268323248896824,0,0,1,0,0,0,0,0,0,0,1,0,0,0
1,0,1,0,-0.00952532398094574,1,1,-0.6351039537494129,-0.3336588152300481,0,0,1,0,0,0,0,0,1,1,0,0,1,0
1,0,0,0,-0.9317222953846137,1,1,-0.5828113088144915,-0.8956412970766242,0,0,0,0,0,0,0,0,1,1,0,0,0,0
1,1,0,1,1.4465751571827405,1,1,-0.6694567861884123,0.5769669871159492,0,0,1,0,0,0,1,0,1,1,0,0,0,0
1,0,1,1,-0.8346489299737012,0,0,-0.6228896133266575,-0.11273087902646238,0,1,0,0,0,0,0,0,0,0,0,1,0,0
1,0,1,1,1.2524284263609156,1,1,-0.8354954763102433,0.23957092677265637,0,0,1,0,0,0,1,0,0,0,1,1,0,0
0,0,1,0,-1.0773323435009823,1,1,0.12562043570532067,-0.8684119466068089,0,0,1,0,0,0,0,0,0,1,0,0,0,1
1,0,1,1,-1.0773323435009823,0,0,-0.6538071625217571,-1.0316738916377455,0,1,0,0,0,0,0,0,1,0,1,1,0,0
0,0,0,0,-1.4170891224391757,1,1,-0.7141154683591118,-1.2445672940033623,0,0,0,0,0,0,1,0,0,0,0,0,1,0
0,0,0,0,0.03901135872451047,1,1,0.43403253137989395,0.2224309503239986,0,0,0,1,0,0,0,0,1,0,0,1,0,0
1,0,0,1,-0.05806200668640195,1,1,0.09126760326632094,-0.9458381072659382,1,0,0,0,0,0,1,0,1,0,0,0,1,0
0,0,1,0,-0.10659868939185815,1,1,0.19089081733941948,0.0016878410151968746,0,0,1,0,0,0,0,0,1,0,1,0,0,0
0,0,0,0,0.5243781857790726,1,1,0.3168512029490848,0.6205154651781749,1,0,1,0,0,0,0,0,0,0,0,0,1,0
1,0,0,0,0.621451551189985,1,1,1.3577420258507698,1.4448814685113895,1,0,1,1,0,0,0,0,0,1,0,0,1,0
1,0,1,0,-0.6890388818573326,1,0,-0.018661460538477316,-0.5849255426039351,1,0,1,1,0,0,0,0,0,0,0,0,0,1
0,0,1,0,-1.7083092186719129,1,0,-0.8755737808224093,-1.4334495083024639,0,0,0,0,0,0,1,0,1,0,0,0,0,1
0,0,0,0,-1.7083092186719129,1,1,-1.0358869988710737,-1.435732664061562,1,0,1,0,0,0,0,0,1,0,0,0,0,1
0,0,1,0,-0.4948921510355078,1,1,1.5058409034766784,0.12990334514397758,1,0,0,1,0,0,0,0,0,0,1,0,0,1
1,0,1,0,-0.6890388818573326,1,0,0.3821215845831836,-0.47035461217833596,0,0,0,0,0,0,0,0,0,0,0,0,1,0
1,0,1,0,-0.15513537209731437,1,0,1.4806488263547457,0.5585114780632393,0,0,0,1,0,0,1,0,0,0,1,0,0,1
0,0,1,1,1.592185205299109,1,0,-0.13202580758717564,1.1647110764443487,0,0,0,0,0,0,1,0,0,0,0,0,0,0
1,0,0,0,0.6699882338954412,1,1,-0.6267065947087685,0.09482428773097733,0,0,1,0,0,0,0,0,0,0,0,0,0,1
1,0,0,1,-1.3200157570282633,1,1,0.12638383198174272,-1.0535704425845245,1,0,1,0,0,0,1,0,0,0,0,0,0,1
0,1,1,0,0.9612083301281784,1,0,1.135593709411906,1.7553471630676059,0,0,1,1,0,0,1,0,0,0,1,0,1,0
0,0,1,0,-0.3978187856245954,1,0,-0.4270784684243602,-0.547541585091274,1,0,1,0,0,0,0,0,0,1,0,0,0,1
1,1,1,0,0.2331580895463353,1,0,0.3561661111848287,0.3529948432335658,1,0,0,0,0,0,0,0,0,0,0,0,1,0
1,0,1,0,-0.4948921510355078,1,0,-0.030875800961232436,-0.43867854406342016,1,0,1,0,0,0,1,0,0,1,0,0,1,0
0,1,1,0,1.0582816955390908,1,0,0.5962542401196138,1.396342664289992,1,0,0,1,0,0,0,0,0,0,0,0,1,0
0,1,0,0,-0.05806200668640195,0,1,0.7958823664040222,0.36587292893190726,0,1,0,1,0,0,0,0,0,0,1,0,0,0
0,0,0,1,-0.05806200668640195,1,1,-0.7572473579769667,-0.44141833097433786,0,0,1,0,0,0,0,0,0,1,0,0,0,0
0,0,0,1,-1.028795660795526,1,0,0.18020326946950904,-0.8108818575626775,0,0,0,0,0,0,0,0,1,0,0,0,1,0
1,1,0,1,1.592185205299109,1,0,-0.5816662143998581,0.7590486589040228,1,0,0,0,0,0,1,0,0,0,0,0,1,0
0,1,1,1,0.03901135872451047,1,1,-0.14805712939204216,-0.0739226672069354,0,0,1,0,0,0,0,0,0,0,1,1,0,0
0,0,0,0,-0.5434288337409641,1,1,-1.9229534720736834,-1.1319316098878558,0,0,0,0,1,1,0,1,0,0,1,0,0,1
0,0,0,0,-0.25220873750822675,1,1,-2.1367044294719024,-1.1466797088746015,0,0,1,0,1,1,0,1,0,0,0,1,0,0
1,0,0,0,-0.7375755645627888,1,0,0.643966507396002,-0.4195870130492475,1,0,0,1,0,0,1,0,0,0,0,0,0,0
1,0,0,1,-0.20367205480277056,1,1,0.3664719609165284,0.013087311555265402,1,0,1,0,0,0,0,0,1,0,0,0,1,0
1,0,0,0,1.6892585707100214,1,0,-0.2175261905464631,1.2296886021312528,0,0,0,0,0,0,0,0,1,0,0,1,0,0
1,0,0,0,-0.300745420213683,1,1,-0.23432090862775223,-0.3420630028575854,0,0,0,0,0,0,0,0,0,0,1,1,0,0
0,1,1,0,-1.1258690262064386,1,0,1.5470643024034778,-0.6634769728871913,1,0,1,1,0,0,0,0,0,0,1,0,0,1
1,0,1,0,0.2816947722517915,0,0,1.539048641501045,1.1717779871272713,0,1,0,1,0,0,0,0,1,1,0,0,0,0
0,0,1,0,0.03901135872451047,1,0,-0.0018667424571887537,0.011472794268474461,1,0,1,0,0,0,0,0,0,1,0,1,0,0
0,0,0,0,1.3009651090663719,1,1,-0.462576395277993,0.6522295858890759,0,0,1,0,0,0,0,0,0,0,1,0,0,1
0,0,0,1,1.4465751571827405,1,0,-2.077922916187392,-0.7746720944404096,0,0,1,0,1,1,0,1,0,0,0,0,0,0
1,0,0,0,0.3787681376627039,1,1,1.041314269273763,0.9664353070221006,1,0,0,1,0,0,0,0,1,0,0,0,1,0
1,0,1,0,0.7670615993063535,1,0,1.4352267479076242,1.6881517146432927,0,0,1,1,0,0,0,0,1,0,0,0,1,0
0,1,0,0,-1.3200157570282633,1,1,-1.8866921489436281,-0.11273087902646238,1,0,0,0,1,1,0,1,0,0,0,0,0,0
0,0,1,0,1.1553550609500032,1,0,-0.5320454564324142,0.49142475134174013,0,0,0,0,0,0,0,0,1,0,0,0,0,1
0,0,0,1,0.3302314549572477,1,1,-0.3660067663105832,0.04399689166534098,1,0,0,0,0,0,1,0,1,0,0,0,1,0
1,0,0,0,-0.8831856126791574,0,0,1.6604286494521763,-0.3010966652371965,1,1,0,1,0,0,0,0,1,0,0,0,0,0
0,0,0,0,-1.6112358532610005,1,0,-0.07858806823762064,-1.3887594523606888,1,0,0,1,0,0,0,0,0,0,0,0,1,0
0,0,0,0,1.3980384744772842,1,0,0.33059233592468457,1.4710290380382034,0,0,1,0,0,0,0,0,0,0,0,0,0,1
0,0,1,0,-0.8831856126791574,1,0,-1.910357433512717,-1.2142774275993276,0,0,0,0,1,1,0,1,0,0,1,0,0,1
0,0,1,0,-0.00952532398094574,1,0,1.090935027241207,0.5071567817389543,1,0,0,1,0,0,0,0,0,0,0,0,0,1
1,0,1,1,-1.0773323435009823,1,1,-1.943183473398872,-1.2991184083903846,0,0,1,0,1,1,0,1,0,0,1,0,1,0
0,0,1,0,1.2038917436554595,1,1,-0.8396941558305655,0.29320334277089916,0,0,1,0,0,0,0,0,0,1,0,0,0,1
1,1,1,0,-0.9317222953846137,0,1,0.26875723753448527,-0.7107600414410848,0,1,0,0,0,0,0,0,0,0,0,0,0,1
0,0,1,1,-1.3685524397337194,1,0,-0.9667996358548636,-1.2385767281783,0,0,1,0,0,0,1,0,0,0,0,0,1,0
1,0,1,0,1.543648522593653,1,1,-1.994712722057371,-0.6841340964218884,1,0,1,0,1,1,0,1,0,0,0,0,0,1
1,0,1,0,-0.25220873750822675,1,1,0.3046368625263291,-0.040148270227705535,0,0,0,1,0,0,1,0,0,0,0,0,1,0
1,0,0,0,1.2038917436554595,1,1,-0.04652542462788818,0.9815748041389775,0,0,0,1,0,0,0,0,0,0,1,0,1,0
0,0,1,0,1.543648522593653,1,1,-0.08622203100184286,1.1655862861520032,0,0,0,1,0,0,0,0,1,0,0,0,1,0
1,0,0,0,-0.5919655164464203,1,1,0.06111345034764389,0.06495843596791782,1,0,1,1,0,0,0,0,0,0,0,0,1,0
1,1,1,0,-0.7375755645627888,1,1,-0.9313017090012308,-0.9063666930592447,0,0,1,0,0,0,0,0,0,0,0,0,0,0
1,0,0,1,-1.3685524397337194,1,0,1.0180306828428856,-1.0236828464809022,0,0,1,1,0,0,0,0,0,0,1,0,1,0
0,0,0,1,0.47584150307361633,1,0,0.3771595087864394,0.6066860645802092,1,0,0,1,0,0,0,0,1,0,0,0,1,0
0,0,1,0,-0.300745420213683,1,0,1.051620119005463,0.19439705925335823,0,0,1,1,0,0,0,0,1,1,0,0,0,1
1,0,1,0,-0.4463554683300516,1,1,1.5035507146474119,0.20326875020299667,0,0,0,1,0,0,0,0,0,0,1,0,0,1
0,0,1,0,1.3009651090663719,1,0,-0.31180563068460615,0.7790099635407092,0,0,0,0,0,0,0,0,0,1,0,0,0,1
0,0,0,0,-0.300745420213683,1,0,0.21302930935566408,-0.15234906753195523,0,0,0,1,0,0,1,0,1,0,1,1,0,0
1,0,1,0,-0.6405021991518765,1,1,0.043555335989932734,-0.5431057396164549,1,0,1,1,0,0,0,0,0,0,0,0,0,0
0,1,0,0,1.4951118398881966,1,1,0.0985198678923324,1.29538369105673,0,0,1,0,0,0,1,0,0,1,0,0,1,0
1,0,1,0,-0.8831856126791574,1,1,1.5337048675660894,-0.3667863180775334,1,0,0,1,0,0,1,0,0,0,0,0,1,0
0,0,0,0,-0.8831856126791574,0,0,0.3718157348514839,-0.6510881348515137,1,1,0,1,0,0,0,0,0,0,1,0,0,0
1,0,1,0,-1.0773323435009823,1,1,1.4798854300783237,-0.5850288282216086,1,0,1,1,0,0,0,0,0,1,0,0,0,1
0,0,1,0,-1.6597725359664568,1,1,1.2856010777288707,-1.299564167371923,1,0,0,1,0,0,0,0,0,0,1,0,1,0
0,0,0,1,-1.5626991705555444,0,1,1.4436241069482685,-1.153523740066755,1,1,0,1,0,0,1,0,0,0,0,0,0,0
1,0,0,0,0.9126716474227222,1,0,0.6565625459569685,1.2906542969843127,0,0,0,1,0,0,1,0,1,1,0,0,1,0
1,0,0,1,-0.9317222953846137,1,0,-0.6427379165136351,-0.9188642527977363,0,0,0,0,0,0,0,0,1,0,0,0,1,0
0,0,0,0,-0.786112247268245,0,1,1.2069712612573829,-0.3341317546372898,1,1,0,1,0,0,0,0,0,1,0,1,0,0
0,0,1,0,1.3980384744772842,0,1,0.09966496230696521,1.2259811920652883,0,1,0,0,0,0,0,0,1,0,1,0,1,0
0,0,1,0,0.42730482036816014,1,1,1.2810207000703373,1.2356248071049074,0,0,1,1,0,0,1,0,1,1,0,0,1,0
1,0,1,0,-0.9802589780900699,1,0,1.066888044533907,-0.5885459753076479,1,0,1,1,0,0,0,0,1,0,0,1,0,0
1,0,1,0,-0.786112247268245,1,0,-2.0229583842849927,-1.2381690217927468,0,0,0,0,1,1,0,1,0,0,1,1,0,0
0,0,1,0,-1.7083092186719129,1,1,-1.112608324651506,-1.4290952041047553,1,0,0,0,0,0,1,0,0,1,0,0,0,0
0,0,0,0,0.9126716474227222,1,1,1.3970569340865135,1.8179654278034416,0,0,0,1,0,0,1,0,1,0,0,0,0,1
1,0,0,1,-0.6405021991518765,1,0,-0.1785929804489305,-0.5798971638487785,0,0,1,0,0,0,1,0,1,0,0,0,0,1
1,0,1,0,-0.8831856126791574,1,0,0.9153538836640982,-0.4822433303810683,1,0,0,1,0,0,0,0,0,0,0,0,0,0
0,0,0,0,1.1553550609500032,0,1,0.29662120162389616,1.2256822073825493,0,1,0,0,0,0,1,0,0,1,0,0,1,0
1,0,1,0,0.621451551189985,1,1,-2.0985346156507916,-0.9287579277538281,0,0,1,0,1,1,0,1,0,0,0,0,0,1
0,0,1,0,1.2524284263609156,1,0,0.3847934715506616,1.3234556347233555,0,0,1,1,0,0,1,0,1,0,1,0,0,1
0,0,0,0,-0.8346489299737012,1,0,0.5504504635342811,-0.5739827032156863,0,0,1,1,0,0,0,0,1,0,1,0,1,0
1,0,0,1,-1.271479074322807,1,0,-0.9939002036678521,-1.180459541938972,0,0,1,0,0,0,1,0,0,0,0,0,1,0
0,0,0,0,-0.786112247268245,0,0,1.3157552306475484,-0.2984221113479675,1,1,0,1,0,0,0,0,0,0,0,1,0,0
1,1,0,0,-1.5141624878500881,1,1,0.9302401110543312,-1.1762737563806254,1,0,1,1,0,0,0,0,0,0,0,0,0,1
1,0,1,0,-0.6890388818573326,1,0,1.2233842812004607,-0.19979521864007,1,0,0,1,0,0,0,0,0,0,0,1,0,0
1,0,1,0,-0.4948921510355078,1,1,1.4149967465824356,0.0565270679146771,1,0,1,1,0,0,1,0,0,1,0,0,1,0
0,0,1,0,0.9612083301281784,1,0,-1.0301615267979072,0.008553616547913374,0,0,1,0,0,0,0,0,0,0,0,0,0,0
0,0,0,1,0.5729148684845288,1,0,-0.27630770383097364,0.31627952419321204,1,0,0,0,0,0,0,0,0,0,0,0,1,0
1,0,0,1,-1.5141624878500881,1,0,-0.3114239325463954,-1.284185482508855,0,0,0,0,0,0,0,0,0,0,1,0,1,0
1,0,0,0,-1.5141624878500881,1,1,0.17409609925813094,-1.2816033420670179,0,0,0,1,0,0,1,0,0,0,1,0,0,0
1,1,1,0,-1.3685524397337194,1,1,0.2626500673231077,-1.0968797329005593,0,0,0,0,0,0,0,0,0,0,0,0,1,0
0,1,1,1,-1.6112358532610005,1,1,0.39395422686772796,-1.3427429916445806,0,0,0,1,0,0,0,0,0,0,1,0,1,0
1,1,0,0,1.0582816955390908,1,1,1.0665063463956963,1.7751399490649302,0,0,1,1,0,0,1,0,0,1,0,0,0,1
1,0,0,0,0.2816947722517915,1,0,0.37067064043685055,0.4913214657240666,0,0,1,1,0,0,0,0,0,1,0,0,1,0
1,1,1,0,-1.222942391617351,1,1,-1.9092123390980835,-1.307147506143213,0,0,0,0,1,1,0,1,0,1,0,0,0,1
0,0,1,0,0.621451551189985,1,1,0.037066467640344415,0.5700522868169662,0,0,1,0,0,0,0,0,1,0,1,0,1,0
1,0,1,0,-1.0773323435009823,1,1,-1.9428017752606608,-1.3014994136820157,0,0,0,0,1,1,0,1,0,0,0,0,1,0
0,0,0,0,1.3009651090663719,1,0,-1.9653219654151162,-0.6674453150399093,0,0,1,0,1,1,0,1,0,0,0,0,0,0
0,0,0,0,-0.05806200668640195,1,0,0.611140467509847,-1.2046120682191455,0,0,1,1,0,0,0,0,1,0,0,0,0,1
0,1,0,0,-1.6597725359664568,1,1,-2.066090273902848,-1.4504046578563377,1,0,0,0,1,1,0,1,0,0,0,0,0,0
1,0,0,0,0.2816947722517915,1,1,0.766109911623556,0.6973980173232334,1,0,1,1,0,0,0,0,0,0,0,1,0,0
1,0,1,0,0.9612083301281784,0,0,-0.9931368073914301,-0.015098789899314955,0,1,0,0,0,0,1,0,0,0,0,1,0,0
1,1,1,0,0.18462140684087908,1,1,-0.3770760123187055,-0.016191443012597492,0,0,1,0,0,0,0,0,1,0,0,1,0,0
0,0,0,0,0.621451551189985,1,1,0.07332779077039901,0.5310157594215293,0,0,0,1,0,0,0,0,0,0,1,0,0,0
1,0,0,0,-0.9802589780900699,1,1,-0.3953975229528385,-0.9504152909544158,1,0,1,0,0,0,1,0,0,1,0,1,0,0
0,0,1,1,1.0582816955390908,1,1,-0.46524828224547077,0.533119524370984,0,0,1,0,0,0,1,0,0,0,0,0,0,1
1,0,1,0,1.0582816955390908,1,0,1.1325401243062172,-0.11273087902646238,1,0,0,1,0,0,1,0,0,1,0,0,0,0
1,1,0,0,0.864134964717266,1,1,-1.0465745467409848,-0.1151988616803446,0,0,1,0,0,0,0,0,1,1,0,0,1,0
1,0,1,0,-0.4463554683300516,1,1,0.7390093438105672,-0.07814106927612606,0,0,1,1,0,0,0,0,1,0,1,0,1,0
0,0,1,0,1.0582816955390908,0,0,1.2779671149646485,1.9334496205326803,0,1,0,1,0,0,1,0,0,1,0,0,1,0
0,0,1,0,-0.05806200668640195,1,1,0.1408883612337651,0.6648413034155224,0,0,1,0,0,0,1,0,0,1,0,0,0,1
1,0,1,0,1.3980384744772842,1,1,-0.09500108818069844,1.1304746122281586,0,0,0,1,0,0,1,0,0,1,0,0,0,0
0,0,1,1,1.106818378244547,1,1,0.03477627881107769,0.931997707655704,0,0,1,1,0,0,0,0,0,0,0,1,0,0
0,0,0,1,0.864134964717266,1,0,1.500497129541723,1.8462385066202731,1,0,1,1,0,0,1,0,1,0,0,1,0,0
0,0,0,0,0.7670615993063535,0,1,-0.1488205256684642,0.5102064255028922,0,1,0,1,0,0,1,0,1,0,1,0,0,1
1,1,0,0,0.13608472413542289,1,0,0.7596210432739671,0.5099889820972641,0,0,1,1,0,0,1,0,1,0,0,1,0,0
0,0,0,1,1.0582816955390908,1,0,1.590577890159544,2.1315079465493,0,0,1,1,0,0,1,0,0,0,1,0,1,0
0,0,0,1,0.9126716474227222,1,0,0.31952308991656225,0.9463489724271781,1,0,0,0,0,0,0,0,1,0,0,0,1,0
1,0,0,0,-1.6112358532610005,1,1,0.07370948890861032,-1.2868219838020993,1,0,1,0,0,0,0,0,1,0,0,0,0,0
0,0,0,0,-0.00952532398094574,1,1,1.5401937359156783,0.7577929232365189,0,0,0,1,0,0,1,0,0,0,0,0,1,0
0,0,1,1,-1.6112358532610005,1,1,1.4035458024361025,-1.2847127827675038,1,0,0,1,0,0,1,0,0,0,0,0,1,0
1,0,0,0,-0.3492821029191392,1,1,-2.023340082423204,-1.0735643637320549,0,0,0,0,1,1,0,1,0,1,0,0,1,0
0,0,1,0,0.13608472413542289,0,0,0.881001051225099,0.633480528238768,0,1,0,1,0,0,1,0,0,0,1,0,0,0
0,0,1,0,-0.15513537209731437,1,1,1.211169940777705,0.44100506166165704,0,0,0,1,0,0,0,0,0,0,0,0,1,0
1,0,1,0,-0.15513537209731437,1,1,1.3550701388832918,0.5334239451388637,1,0,1,1,0,0,1,0,0,0,0,0,1,0
0,0,0,0,0.864134964717266,1,1,-0.8900783100744314,0.02635679538373787,0,0,0,0,0,0,1,0,1,0,1,0,1,0
0,0,0,0,-0.00952532398094574,1,1,-1.9420383789842386,-0.988304804385163,0,0,0,0,1,1,0,1,0,0,1,0,1,0
0,0,1,0,1.3980384744772842,1,0,-0.15874467726195315,1.0424480855446452,0,0,1,0,0,0,1,0,1,0,0,0,1,0
0,0,0,0,-1.6597725359664568,0,0,1.529124489907556,-1.3884604676779497,0,1,0,1,0,0,0,0,0,0,0,0,0,1
1,0,0,1,1.0097450128336345,0,1,0.08592382933136544,0.936194365384332,0,1,0,0,0,0,0,0,0,0,1,0,1,0
0,0,0,0,1.7377952534154777,1,1,0.756185760030067,2.230129403172057,0,0,1,1,0,0,1,0,1,0,1,0,1,0
0,0,0,1,1.6892585707100214,1,1,-0.15683618657089773,1.2455945872529692,0,0,0,0,0,0,1,0,1,0,1,0,1,0
0,0,1,0,-0.4948921510355078,1,0,-0.6240347077412909,-0.6198197731221512,0,0,1,0,0,0,0,0,0,0,0,0,0,1
0,0,1,1,0.3302314549572477,1,0,-2.0042551755126485,-0.931117188704896,1,0,1,0,1,1,0,1,0,0,0,0,0,1
0,0,0,0,-0.4948921510355078,1,1,-0.40684846709917183,-0.5503846576198652,1,0,0,0,0,0,1,0,0,0,0,0,1,0
1,0,0,0,-1.6597725359664568,1,0,-0.26752864665211806,-1.4247898246733133,0,0,0,0,0,0,1,0,0,0,0,1,0,0
1,1,1,0,-0.5434288337409641,0,1,0.9187891669079983,-0.0873171809936442,1,1,0,1,0,0,0,0,1,1,0,0,0,0
0,0,0,1,1.3980384744772842,1,0,-1.018328884513363,0.22826930576512078,1,0,0,0,0,0,1,0,0,0,0,0,0,1
1,0,1,0,-0.05806200668640195,1,0,0.17485949553455352,0.17083163016838143,0,0,1,0,0,0,1,0,1,0,1,0,0,1
0,1,0,0,1.4951118398881966,1,1,-0.6320503686437241,0.5867682486246487,0,0,1,0,0,0,0,0,1,0,0,0,0,0
0,0,1,0,1.3980384744772842,0,0,0.2538710101442521,1.363041206718004,1,1,0,1,0,0,0,0,0,0,0,0,0,1
0,0,1,0,-0.5919655164464203,1,1,-2.079831406878448,-1.1659180141875733,0,0,0,0,1,1,0,1,0,0,0,1,0,0
0,0,1,1,1.1553550609500032,1,1,-0.05683127435958788,0.9225008669148843,0,0,0,1,0,0,0,0,1,0,0,0,0,0
0,0,1,1,1.0582816955390908,1,1,0.07943496098177712,0.994746438434917,1,0,0,1,0,0,0,0,0,0,0,0,0,1
1,1,1,0,0.03901135872451047,1,0,0.09355779209558766,0.10138564249581411,0,0,0,0,0,0,0,0,1,0,1,1,0,0
0,0,1,1,-0.05806200668640195,1,0,-0.020951649367744036,-0.11273087902646238,0,0,1,1,0,0,0,0,0,1,0,1,0,0
0,0,1,1,-0.5434288337409641,1,0,1.65813846062291,0.1477173961500835,0,0,0,1,0,0,1,0,1,1,0,1,0,0
1,0,1,0,-1.7083092186719129,1,0,1.3627041016475139,-1.4015723050373419,1,0,0,1,0,0,1,0,0,0,0,0,1,0
1,0,1,1,0.18462140684087908,1,0,-0.32898204690410604,-0.11021940769145452,0,0,1,0,0,0,0,0,0,1,0,0,1,0
1,0,0,0,-1.3685524397337194,1,1,0.11187930272972088,-1.165695134696804,1,0,1,0,0,0,1,0,1,0,0,0,1,0
0,0,0,1,-0.8346489299737012,1,1,-2.0920457473012033,-1.3147308449145032,0,0,0,0,1,1,0,1,0,1,0,1,0,0
0,0,1,0,1.349501791771828,1,0,-0.4889135668145595,0.7054977841828908,0,0,0,0,0,0,0,0,0,0,0,0,1,0
0,1,0,1,-1.1258690262064386,1,1,-0.8828260454484205,-0.11273087902646238,0,0,1,0,0,0,0,0,1,0,0,0,0,0
0,0,1,1,-1.3685524397337194,1,1,0.1935627043068975,-1.106713610920103,1,0,1,1,0,0,1,0,0,0,0,0,1,0
1,0,1,0,-0.5434288337409641,1,1,-2.101969898894692,-1.2158810727158367,0,0,1,0,1,1,0,1,0,0,1,0,1,0
1,0,1,1,-1.4170891224391757,0,1,0.9840595485420971,-1.0872632982866437,1,1,0,1,0,0,0,0,1,0,0,0,0,0
0,0,0,0,0.621451551189985,1,1,-0.8461830241801543,-0.054260347252988124,0,0,0,0,0,0,1,0,0,0,0,0,0,0
0,0,1,0,-0.3978187856245954,1,1,0.27219252077838535,-0.2238281510471479,0,0,0,0,0,0,1,0,0,0,0,0,1,0
0,0,1,0,1.3980384744772842,1,1,-0.7973256624891327,0.4142540866842242,1,0,1,0,0,0,1,0,0,0,0,0,0,0
1,0,1,0,0.621451551189985,1,1,1.09895068814364,1.2370708057523367,0,0,1,1,0,0,1,0,0,0,0,0,0,1
0,0,0,1,-0.9802589780900699,1,0,-1.8992881875045946,-1.2099176873164783,0,0,0,0,1,1,0,1,0,1,0,0,1,0
1,0,0,1,-1.5626991705555444,1,0,0.43403253137989395,-1.3208573128680832,1,0,1,1,0,0,1,0,0,0,0,0,1,0
1,0,1,0,0.2331580895463353,1,1,-0.2034033594326526,0.13151786243076827,1,0,0,0,0,0,0,0,0,0,0,1,0,0
0,0,0,0,0.3302314549572477,1,0,0.3328825247539513,0.5418988018732303,0,0,1,1,0,0,1,0,0,0,1,0,1,0
1,0,1,0,-0.10659868939185815,1,1,-0.3499754445057167,-0.2647129473904261,1,0,1,0,0,0,0,0,1,0,0,0,0,1
0,0,0,0,1.592185205299109,1,1,-0.07095410547339896,1.2627236915313458,0,0,1,0,0,0,0,0,1,0,0,0,0,1
1,0,0,0,0.2816947722517915,1,1,0.2637951617377411,0.38436105449546104,0,0,0,0,0,0,1,0,0,0,0,1,0,0
0,0,1,0,1.2038917436554595,1,0,-0.04652542462788818,0.9336230971127766,0,0,0,1,0,0,0,0,0,1,0,0,0,0
0,0,0,1,-0.4948921510355078,1,1,1.3978203303629357,0.08852930113803545,0,0,0,1,0,0,1,0,1,0,0,0,0,0
1,1,0,0,0.5729148684845288,1,1,0.498921214875782,0.8311692004658193,0,0,0,1,0,0,1,0,0,0,0,0,0,0
1,1,1,0,1.1553550609500032,0,1,-0.17668448975787507,0.8585942500007001,0,1,0,0,0,0,0,0,1,0,1,0,0,1
1,0,1,1,1.592185205299109,1,1,0.6355691483553578,1.8725382865310272,0,0,0,1,0,0,0,0,0,0,0,0,0,0
1,0,0,0,1.2524284263609156,1,0,1.1008591788346955,1.997345365276583,0,0,0,1,0,0,0,0,0,0,0,0,1,0
0,0,1,0,1.7377952534154777,1,1,0.35273082794092864,1.8157094524700472,0,0,1,0,0,0,0,0,0,0,1,0,0,1
1,0,1,1,-0.8831856126791574,0,0,-0.6851064098550678,-0.8988322790542208,0,1,0,0,0,0,0,0,0,0,1,0,0,0
1,0,1,0,0.08754804142996668,1,1,-0.07248089802624308,0.059332087847283256,1,0,1,0,0,0,0,0,1,0,0,0,0,1
0,0,1,0,0.03901135872451047,1,1,-0.15301920518878634,-0.03140704532144427,1,0,0,1,0,0,0,0,1,0,1,1,0,0
1,0,0,0,1.2038917436554595,1,1,-0.18164656555461928,0.8643021393984454,0,0,0,0,0,0,0,0,0,0,1,0,1,0
1,1,0,1,-1.4170891224391757,1,1,-0.0484339153189436,-1.1654015860992057,0,0,0,0,0,0,0,0,0,0,0,1,0,0
0,0,0,1,1.2524284263609156,1,1,1.6214954393546437,2.476269902258254,0,0,0,1,0,0,0,0,0,0,1,1,0,0
1,0,1,0,-0.6405021991518765,1,1,-0.8011426438712439,-0.7943344143943569,0,0,1,0,0,0,0,0,1,0,1,0,0,0
0,0,0,1,-1.271479074322807,1,0,0.7252682108349674,-0.8950215833705832,0,0,0,1,0,0,0,0,0,0,0,1,0,0
0,0,0,0,-0.8346489299737012,0,1,1.25773711363946,-0.40588807849465885,0,1,0,1,0,0,1,0,1,0,0,0,0,0
0,0,1,0,0.2331580895463353,1,1,0.4244900779246163,0.43660183269768216,0,0,1,1,0,0,0,0,1,0,0,0,0,0
0,0,0,1,1.0097450128336345,1,1,0.16302685325000918,0.9809768347734992,0,0,1,0,0,0,0,0,0,0,0,1,0,0
1,0,0,1,0.13608472413542289,1,1,-0.5621996093510918,-0.22457289471142508,0,0,0,0,0,0,1,0,1,1,0,0,0,0
1,0,1,0,-0.4948921510355078,1,1,0.21379270563208616,-0.32869566949658,1,0,1,0,0,0,1,0,1,0,0,0,0,0
0,0,1,0,1.0582816955390908,1,1,1.4207222186556023,2.012136952944454,1,0,1,1,0,0,0,0,1,0,0,0,0,0
1,0,1,1,0.5729148684845288,1,1,1.5314146787368226,1.5256182050212108,1,0,0,1,0,0,0,0,1,1,0,0,1,0
0,0,0,1,-0.6890388818573326,1,0,0.21531949818493026,-0.48687487492095305,0,0,0,0,0,0,1,0,0,0,0,0,1,0
0,0,1,0,-1.465625805144632,1,1,0.11340609528256554,-1.2174629734917832,0,0,1,0,0,0,1,0,1,1,0,0,0,0
1,0,1,0,-1.6597725359664568,1,0,1.6627188382814428,-1.350940608036771,0,0,1,1,0,0,0,0,0,0,1,0,1,0
1,0,1,0,1.592185205299109,1,0,1.467671089655568,2.799282081319229,0,0,1,1,0,0,1,0,0,0,0,1,0,0
1,0,0,0,-0.10659868939185815,1,1,1.1779622027533387,0.44895805422251545,1,0,0,1,0,0,0,0,0,0,0,0,1,0
0,0,1,0,0.864134964717266,1,0,-2.007690458756549,-0.8624757416331539,0,0,0,0,1,1,0,1,0,1,0,0,0,1
0,1,1,1,-0.300745420213683,1,1,0.18707383595730864,-0.11273087902646238,0,0,1,0,0,0,0,0,1,0,1,0,0,1
0,1,0,1,-0.5919655164464203,1,0,-0.7530486784566447,-0.7526559496205351,0,0,0,0,0,0,1,0,0,0,1,0,0,0
1,0,1,1,-1.271479074322807,1,1,-0.0908024086603763,-1.0824577990222561,1,0,0,1,0,0,0,0,0,0,0,1,0,0
0,0,1,1,-0.3978187856245954,1,1,1.1821608822736613,0.13917187030888759,0,0,0,1,0,0,1,0,1,1,0,0,1,0
0,0,1,0,0.13608472413542289,0,1,-1.9828800797728268,-0.9532964160789921,1,1,0,0,1,1,0,1,0,1,0,0,0,1
1,0,1,0,-1.465625805144632,0,1,0.37219743298969465,-1.1949032201578376,1,1,0,1,0,0,0,0,0,0,0,0,1,0
1,0,1,1,-1.4170891224391757,1,1,1.0611625724607407,-1.0544565244624602,0,0,1,1,0,0,0,0,0,0,1,0,1,0
0,0,0,1,-1.028795660795526,1,1,-0.21714449240825237,-0.9039095825756437,0,0,1,0,0,0,1,0,1,1,0,0,1,0
0,0,1,1,0.9612083301281784,1,0,0.9626844528022755,1.6066430540434902,0,0,1,1,0,0,0,0,1,0,1,0,0,1
1,1,1,0,0.9126716474227222,1,1,0.30616365507917376,1.0344842208135057,0,0,1,1,0,0,0,0,1,1,0,0,0,1
0,0,1,0,0.2816947722517915,1,1,-1.9153195093094613,-0.8988214068839394,0,0,1,0,1,1,0,1,0,1,0,0,1,0
1,0,0,0,-1.6597725359664568,1,0,-0.3083703474407066,-1.364818933401003,0,0,0,0,0,0,1,0,0,1,0,0,1,0
0,0,0,1,0.03901135872451047,1,0,0.06111345034764389,0.010836772307011378,1,0,1,1,0,0,1,0,1,1,0,1,0,0
1,0,1,0,0.2816947722517915,1,1,-0.7618277356355,-0.25515630971305836,0,0,1,0,0,0,1,0,0,0,0,1,0,0
1,0,1,1,-1.1258690262064386,1,0,0.1649353439410646,-0.9084976384344028,0,0,1,1,0,0,0,0,0,0,1,0,0,0
1,0,0,0,-0.300745420213683,1,1,-0.7290016957493449,-0.5844362949412713,0,0,1,0,0,0,1,0,0,0,1,0,0,0
0,0,0,0,-1.271479074322807,1,1,0.5195329143391815,-0.9752255835366151,0,0,0,1,0,0,0,0,1,0,1,0,0,1
0,1,1,0,-0.5434288337409641,1,1,-0.631668670505513,-0.6969578212688229,0,0,0,0,0,0,1,0,0,0,0,0,1,0
0,0,1,1,1.3009651090663719,1,0,1.6379084592977213,2.534691509265462,1,0,1,1,0,0,1,0,0,1,0,0,0,0
0,0,0,1,1.6892585707100214,1,1,0.02141684397368867,1.410318839186757,0,0,0,0,0,0,0,0,0,0,1,0,1,0
1,1,0,0,-1.465625805144632,1,1,-2.130978957398736,-1.4513287923302582,1,0,0,0,1,1,0,1,0,0,0,0,0,1
0,0,1,0,1.1553550609500032,1,0,0.3691438478840059,1.2431700932802128,1,0,0,0,0,0,0,0,1,0,0,0,0,1
0,0,0,0,0.2331580895463353,1,1,-0.28585015728625124,0.02930858961514319,0,0,1,0,0,0,0,0,0,0,1,0,1,0
1,0,1,0,-1.222942391617351,1,0,-0.15492769587984176,-1.0193339783683344,0,0,0,0,0,0,1,0,0,0,0,0,0,0
0,0,1,1,0.13608472413542289,1,1,0.7214512294528566,0.4904408199312717,1,0,1,1,0,0,0,0,0,0,0,0,1,0
0,1,0,0,1.106818378244547,0,1,0.7756523650788336,1.5677587370319932,0,1,0,1,0,0,0,0,0,0,0,0,0,1
0,1,0,0,1.0582816955390908,0,0,0.006530616583455527,0.8940864498843941,1,1,0,0,0,0,0,0,1,1,0,0,0,1
0,1,0,0,1.3980384744772842,1,1,1.1714733344037502,2.2570652050442734,1,0,0,1,0,0,1,0,0,0,0,0,1,0
0,0,1,0,-1.1258690262064386,1,0,0.8657331256966545,-0.7565862391772682,0,0,1,1,0,0,1,0,1,0,0,0,1,0
1,0,0,1,-0.25220873750822675,1,0,1.2313999421028936,0.35781121466823473,0,0,0,1,0,0,0,0,1,1,0,0,1,0
0,0,1,0,0.08754804142996668,1,1,-0.4289869591154159,-0.1478914777165731,1,0,0,0,0,0,0,0,0,0,0,0,0,1
1,0,1,0,-0.9317222953846137,1,1,0.060350054071221834,-0.7136737830765054,0,0,1,1,0,0,1,0,0,0,1,0,1,0
1,0,1,0,0.13608472413542289,1,1,0.9241329408429537,0.6442113603065289,0,0,1,1,0,0,0,0,0,1,0,0,0,0
1,0,0,1,-0.25220873750822675,0,0,0.33593610985964006,-0.04273584675468326,0,1,0,0,0,0,0,0,0,0,1,0,0,0
1,0,0,0,-0.3492821029191392,1,0,-0.7232762236761784,-0.5439211523875613,0,0,0,0,0,0,0,0,0,1,0,0,0,1
1,0,1,0,-0.7375755645627888,1,0,0.6993127374366125,-0.4595911635997307,1,0,0,1,0,0,1,0,1,0,0,1,0,0
0,0,1,0,1.7377952534154777,1,0,1.250484849013449,2.7370008538621176,0,0,0,1,0,0,1,0,0,0,1,0,1,0
1,0,1,0,0.18462140684087908,1,1,-0.7213677329851227,-0.24509411611760445,0,0,0,0,0,0,0,0,0,1,0,1,0,0
0,0,1,1,-1.271479074322807,1,1,-0.16027146981479726,-1.0691230821720952,1,0,1,0,0,0,0,0,0,0,1,0,1,0
0,0,0,0,-1.3685524397337194,1,1,-2.091664049162992,-1.3482986706583862,0,0,0,0,1,1,0,1,0,0,1,0,1,0
0,0,1,0,-0.8831856126791574,0,1,-0.5988426306193577,-0.9169616229984878,0,1,0,0,0,0,0,0,0,0,1,0,1,0
1,0,0,0,1.4951118398881966,0,0,-2.007690458756549,-0.6775836138273331,0,1,0,0,1,1,0,1,0,0,0,0,0,0
0,0,1,1,-0.6405021991518765,1,0,0.9897850206152639,-0.19200530863343293,0,0,0,1,0,0,0,0,0,0,0,0,0,1
1,0,0,0,-1.3200157570282633,1,0,-0.5614362130746695,-1.138748460654306,1,0,1,0,0,0,1,0,1,0,0,0,1,0
1,1,0,1,0.9612083301281784,0,1,0.6481651869163242,1.2733458018962927,1,1,0,1,0,0,0,0,0,0,0,0,0,1
1,0,0,1,1.2524284263609156,1,1,0.13363609660775363,1.1425264129851123,0,0,1,0,0,0,0,0,1,0,1,1,0,0
1,0,1,0,-0.00952532398094574,1,1,-0.3831831825300831,-0.1580025960782932,0,0,1,0,0,0,0,0,1,1,0,0,0,0
0,0,1,1,-0.9317222953846137,0,0,-0.84465623162731,-1.0021396410682692,0,1,0,0,0,0,0,0,1,0,0,1,0,0
1,0,0,0,0.3787681376627039,1,1,1.3516348556393922,1.1432113597128413,0,0,1,1,0,0,0,0,1,0,1,0,1,0
1,0,1,0,0.08754804142996668,1,1,0.27295591705480743,0.21929432919780908,1,0,1,1,0,0,0,0,0,0,0,1,0,0
0,1,0,0,-0.5434288337409641,1,1,-1.0881796438059952,-0.8340015276661161,1,0,0,0,0,0,0,0,0,0,0,0,0,1
0,0,1,1,-0.15513537209731437,1,1,-0.17401260279039704,-0.2102651186210771,0,0,1,0,0,0,0,0,1,0,0,1,0,0
0,0,0,0,0.6699882338954412,1,1,1.647450912752999,1.7191373999453383,0,0,1,1,0,0,0,0,1,0,1,0,0,0
0,0,1,0,1.6892585707100214,1,1,-0.2911939312212068,1.1044629448298622,1,0,1,0,0,0,0,0,0,1,0,0,0,0
0,0,0,0,-1.6597725359664568,1,1,1.0256646456071077,-1.3795507241323264,0,0,1,1,0,0,0,0,0,0,0,0,0,0
0,0,0,0,1.4465751571827405,1,1,1.0894082346883625,2.2443230214744494,0,0,0,1,0,0,1,0,1,1,0,0,1,0
1,0,1,0,0.42730482036816014,1,0,1.1344486149972732,1.0791036076484513,0,0,0,1,0,0,0,0,1,1,0,1,0,0
1,1,1,0,-1.3200157570282633,1,0,-0.7267115069200781,-1.1919242455007286,1,0,1,0,0,0,1,0,1,0,1,0,1,0
1,0,1,0,1.543648522593653,1,1,1.4336999553547796,2.6545789309586754,0,0,0,1,0,0,1,0,1,1,0,1,0,0
1,0,1,1,0.7185249166008973,0,1,1.1802523915826053,1.5118105487638083,0,1,0,1,0,0,1,0,0,1,0,1,0,0
0,1,0,0,1.592185205299109,1,1,-1.9317325292525387,-0.6012772867071902,1,0,0,0,1,1,0,1,0,0,1,0,0,1
0,0,0,0,-0.00952532398094574,1,1,-1.9653219654151162,-1.0074126436547577,0,0,0,0,1,1,0,1,0,0,1,0,0,0
0,0,1,0,1.1553550609500032,1,0,1.4077444819564247,2.1369657760305727,0,0,1,1,0,0,0,0,0,0,0,1,0,0
0,1,1,1,1.6892585707100214,1,1,1.3829341029727025,2.8499790113414885,0,0,1,1,0,0,0,0,1,0,1,0,0,0
0,0,0,0,0.47584150307361633,1,1,-0.660677729009557,-0.022426632668991735,0,0,1,0,0,0,0,0,0,1,0,0,1,0
0,0,1,0,-0.4463554683300516,0,0,1.1500982386639282,0.11996618150676001,1,1,0,1,0,0,0,0,1,0,0,0,0,0
1,0,0,0,-1.6597725359664568,1,1,-0.39425242853820514,-1.3545664768256243,0,0,0,0,0,0,0,0,0,1,0,0,0,1
1,0,1,0,-0.8346489299737012,1,0,-0.1896622264570528,-0.7336894485645987,0,0,0,0,0,0,0,0,1,0,0,1,0,0
0,1,1,0,-0.7375755645627888,1,0,0.6462566962252688,-0.4014141804238547,0,0,0,1,0,0,0,0,1,0,1,0,0,0
1,1,0,0,0.2816947722517915,1,1,-0.24157317325376315,0.07128060298656334,1,0,0,0,0,0,0,0,0,1,0,0,0,1
0,0,1,0,-1.3200157570282633,1,1,0.6741206603146797,-0.9827926140524832,1,0,0,1,0,0,1,0,0,0,0,0,1,0
1,0,0,1,-0.5434288337409641,1,1,-1.9828800797728268,-1.1544641827960977,0,0,1,0,1,1,0,1,0,1,0,1,0,0
1,1,0,0,0.47584150307361633,1,0,-0.12248335413189801,0.290316781561182,0,0,0,1,0,0,0,0,1,0,0,0,1,0
0,0,0,0,-0.20367205480277056,1,1,0.45120894759939384,0.03586450829483914,1,0,1,1,0,0,1,0,0,0,0,0,1,0
1,0,1,1,0.9126716474227222,1,0,1.1577322014281506,1.6140796185159811,1,0,0,1,0,0,1,0,0,0,0,0,1,0
0,0,0,1,-1.1744057089118947,1,1,-1.943183473398872,-1.3262825258385116,0,0,0,0,1,1,0,1,0,0,1,1,0,0
1,0,0,0,0.7185249166008973,1,0,-0.5988426306193577,0.17146221604470369,0,0,1,0,0,0,0,0,0,0,0,0,0,0
1,0,0,0,0.08754804142996668,1,1,0.09355779209558766,0.10188576232875945,1,0,0,0,0,0,1,0,1,1,0,0,0,1
0,1,1,0,-0.05806200668640195,1,1,0.2660853505670078,0.9222888595943964,1,0,0,0,0,0,0,0,1,0,0,0,1,0
0,0,1,1,-0.300745420213683,1,1,-0.8870247249687426,-0.6849495091929949,1,0,1,0,0,0,0,0,0,0,1,0,0,1
0,0,0,0,-0.10659868939185815,1,0,1.485229204013279,0.6185910910383637,1,0,0,1,0,0,0,0,1,0,0,0,0,0
0,0,1,1,-0.25220873750822675,1,1,-0.5461682875462254,-0.46341816753879034,0,0,0,0,0,0,0,0,0,1,0,1,0,0
1,0,0,0,-1.3685524397337194,1,0,-1.105737758163706,-1.2861968340109176,1,0,1,0,0,0,1,0,0,0,0,0,1,0
0,0,1,0,1.0582816955390908,1,1,0.7336655698756122,1.4707898502920123,0,0,1,1,0,0,0,0,0,0,0,1,0,0
1,0,1,0,0.621451551189985,1,0,-0.989319826009319,-0.19437000566964163,0,0,0,0,0,0,0,0,1,1,0,0,0,1
1,0,1,1,-0.25220873750822675,1,1,0.9287133185014872,0.17663736909865937,1,0,1,1,0,0,1,0,0,0,0,0,0,0
1,1,0,0,-0.6890388818573326,1,1,-1.9408932845696054,-1.1985943219683797,0,0,0,0,1,1,0,1,0,0,0,0,1,0
1,0,0,0,1.1553550609500032,1,1,-0.9561120879849528,0.156491237567189,0,0,0,0,0,0,0,0,0,0,0,1,0,0
0,0,0,0,-0.300745420213683,1,1,-0.534717343399892,-0.4701752213686926,0,0,1,0,0,0,0,0,1,0,1,1,0,0
1,0,1,0,-0.8831856126791574,1,0,-2.1126574467646027,-1.2565321173980646,0,0,1,0,1,1,0,1,0,0,1,0,1,0
0,0,1,0,0.13608472413542289,0,0,1.6665358196635542,1.0254113947136607,1,1,0,1,0,0,0,0,0,1,0,0,1,0
1,0,1,0,-1.1258690262064386,1,0,-1.9687572486590161,-1.3134316205658736,0,0,0,0,1,1,0,1,0,0,0,0,1,0
0,0,1,0,-1.222942391617351,1,1,0.3748693199571727,-0.9394507072256042,1,0,0,0,0,0,0,0,1,0,0,0,0,0
1,0,0,0,-1.5626991705555444,1,1,-0.8877881212451647,-1.3142850859329651,1,0,0,0,0,0,0,0,0,0,0,0,0,1
1,0,0,0,0.3787681376627039,1,1,-1.9893689481224155,-0.8973264834702442,0,0,0,0,1,1,0,1,0,1,0,0,0,0
0,0,0,0,0.6699882338954412,1,0,1.4634724101352459,1.571373733650565,0,0,1,1,0,0,0,0,1,0,0,0,0,1
1,0,0,0,1.6407218880045653,1,1,-0.4270784684243602,0.902294938446866,1,0,0,0,0,0,0,0,0,0,0,0,1,0
1,0,0,0,-1.222942391617351,1,0,-1.9363129069110718,-1.3121650127280882,0,0,0,0,1,1,0,1,0,0,1,0,0,1
0,0,0,0,0.8155982820118097,1,1,-0.6797626359201123,0.1819212438554294,1,0,0,0,0,0,0,0,0,0,0,0,0,1
0,0,1,1,-1.1744057089118947,1,0,0.16913402346138673,-0.9718389024939531,0,0,0,0,0,0,0,0,0,0,0,0,0,1
0,0,0,1,1.0097450128336345,1,1,-1.9702840412118603,-0.8003467245599819,0,0,0,0,1,1,0,1,0,0,1,1,0,0
0,0,0,0,0.8155982820118097,0,1,0.4065502654286944,1.0018405295435433,0,1,0,0,0,0,1,0,0,1,0,0,1,0
1,0,1,1,-0.3492821029191392,1,1,1.0222293623632077,0.09455791955908267,0,0,0,1,0,0,0,0,0,1,0,1,0,0
0,0,1,0,-0.300745420213683,1,0,-0.29462921446510687,-0.38829690697932195,1,0,0,0,0,0,1,0,1,0,0,0,0,0
1,0,1,0,-1.465625805144632,1,1,0.1809666657459311,-1.1777741158794612,0,0,1,1,0,0,1,0,0,1,0,0,0,1
1,0,0,0,-1.1258690262064386,1,1,1.6680626122163984,-0.6502020529735781,0,0,0,1,0,0,1,0,1,0,0,0,0,0
1,0,0,0,0.3787681376627039,1,0,0.8733670884608767,0.8473361176742901,0,0,1,1,0,0,1,0,0,1,0,0,0,1
1,0,1,0,-0.10659868939185815,1,1,-0.21256411474971892,-0.1587310314871484,0,0,0,0,0,0,0,0,0,0,0,0,0,0
0,0,0,0,-1.5626991705555444,1,1,-2.047768763268715,-1.3786537700841093,1,0,1,0,1,1,0,1,0,0,0,1,0,0
0,0,1,1,-0.4463554683300516,1,1,-0.3877635601886165,-0.5015794852265729,0,0,0,0,0,0,1,0,1,1,0,0,0,1
0,0,0,0,0.7670615993063535,1,0,0.041646845298877314,0.6693532540823116,1,0,1,1,0,0,1,0,0,0,0,0,1,0
1,0,1,0,-1.3685524397337194,1,0,0.329828939648262,-1.1202548990056114,0,0,0,0,0,0,1,0,0,0,1,1,0,0
0,1,0,0,-0.8346489299737012,1,0,1.2042993742899053,-0.38826972655361847,1,0,0,1,0,0,0,0,0,1,0,0,1,0
0,0,1,0,-0.5919655164464203,1,1,-0.9751969948955082,-0.7855225203812664,0,0,1,0,0,0,0,0,1,0,0,0,0,0
0,0,0,1,-1.3200157570282633,1,0,0.1756228918109756,-1.0586205656802439,1,0,1,0,0,0,0,0,0,0,1,0,0,1
0,0,0,0,1.1553550609500032,0,0,-2.108840465382492,-0.8538160580040032,0,1,0,0,1,1,0,1,0,0,0,0,1,0
0,0,1,0,-0.15513537209731437,1,1,-1.9187547925533612,-0.9765248078852449,0,0,0,0,1,1,0,1,0,0,0,0,1,0
0,0,0,1,0.03901135872451047,1,0,-0.7721335853671999,-0.36147526289506,1,0,0,0,0,0,0,0,1,0,0,0,0,0
1,0,1,0,1.6892585707100214,1,1,-0.4912037556438259,0.8810398455466907,0,0,0,0,0,0,0,0,0,0,0,0,1,0
1,1,0,1,-1.7083092186719129,1,1,0.2462370473800299,-1.3716466563377345,1,0,1,1,0,0,0,0,0,0,0,0,0,1
0,0,1,1,-0.5919655164464203,1,1,0.5641915965098808,-0.33461556621481314,0,0,0,1,0,0,0,0,0,0,1,1,0,0
0,0,0,1,1.543648522593653,1,1,-0.1896622264570528,1.1309638598908223,0,0,1,0,0,0,0,0,0,0,1,0,0,1
1,0,0,0,0.5243781857790726,1,1,0.8000810459243444,0.9691642217627371,0,0,1,1,0,0,1,0,1,1,0,0,0,0
0,0,1,0,-0.6890388818573326,1,0,0.8439763318186212,-0.3162742149500582,0,0,1,1,0,0,0,0,0,0,0,0,1,0
0,1,0,0,-0.5434288337409641,1,1,-1.090469832635262,-0.9279207706421588,0,0,0,0,0,0,0,0,0,1,0,0,0,0
1,0,1,1,0.13608472413542289,1,1,0.40273328404658354,0.31433884179797855,1,0,0,0,0,0,1,0,1,0,0,0,1,0
0,1,1,1,-1.6597725359664568,1,0,0.2336410088190635,-1.3324959711543427,1,0,0,1,0,0,0,0,0,0,1,0,1,0
0,0,0,0,0.47584150307361633,0,0,-1.0893247382206286,-0.30696763718916315,0,1,0,0,0,0,0,0,1,0,1,0,1,0
1,0,0,0,-1.3200157570282633,1,0,1.0508567227290406,-0.9841570714228014,0,0,0,1,0,0,1,0,0,1,0,0,0,1
0,0,1,0,0.5729148684845288,1,1,-0.44272809209101566,0.14795114781113392,0,0,1,0,0,0,1,0,0,0,0,0,0,0
1,0,0,0,0.7670615993063535,1,1,-0.3923439378471497,0.33796950390464403,1,0,0,0,0,0,0,0,1,0,0,0,1,0
1,0,0,0,0.621451551189985,1,1,0.02179854211189997,0.48624959828778447,1,0,0,1,0,0,0,0,1,1,0,0,1,0
0,0,0,0,0.6699882338954412,1,1,1.0913167253794178,1.3216128018606548,0,0,1,1,0,0,0,0,0,0,0,0,1,0
0,0,0,0,0.621451551189985,1,0,-2.104260087723959,-0.9517960565801561,0,0,0,0,1,1,0,1,0,0,0,0,1,0
1,0,0,0,-1.1744057089118947,1,1,1.413469954029591,-0.7592173043853718,1,0,0,1,0,0,1,0,0,1,0,0,1,0
0,0,0,0,1.106818378244547,1,0,-2.127543674154836,-0.8479994469034438,0,0,0,0,1,1,0,1,0,1,0,1,0,0
1,1,1,0,-0.20367205480277056,1,0,0.26684874684342985,-0.06480635242596512,1,0,0,0,0,0,0,0,1,0,0,0,0,0
0,0,0,0,0.8155982820118097,1,1,-1.9672304561061715,-0.8112134587562607,0,0,0,0,1,1,0,1,0,0,0,0,1,0
0,0,0,1,0.08754804142996668,1,1,0.1565379849004203,0.166885032356226,0,0,1,0,0,0,1,0,0,0,1,0,0,1
1,0,0,1,0.5243781857790726,1,1,1.1787255990297612,1.1901900074988552,1,0,0,1,0,0,1,0,0,0,0,1,0,0
1,0,0,0,1.106818378244547,0,0,-0.0957644844571205,0.8527178419635931,1,1,0,1,0,0,0,0,0,0,1,0,1,0
0,0,0,1,1.592185205299109,1,1,-0.7545754710094891,0.653931080538118,0,0,1,0,0,0,0,0,0,0,0,1,0,0
0,0,0,1,-1.3200157570282633,1,1,0.5691536723066256,-0.993153792330676,1,0,1,1,0,0,1,0,0,0,0,0,0,1
0,0,0,0,-1.6597725359664568,1,1,1.1573505032899392,-1.3010210381896332,0,0,1,1,0,0,1,0,0,0,1,0,0,1
1,0,1,0,1.6407218880045653,1,0,0.9248963371193758,2.27809741845368,0,0,0,1,0,0,1,0,0,0,0,0,0,1
1,0,1,0,-0.05806200668640195,1,0,0.0660755261443881,-0.03467956857615154,1,0,1,1,0,0,0,0,0,0,0,0,1,0
1,0,1,1,-1.1744057089118947,1,1,0.02065344769726661,-0.9959044514118752,0,0,1,0,0,0,1,0,0,1,0,0,1,0
1,1,0,1,-0.6405021991518765,1,1,-2.0458602725776593,-1.1554426781214255,0,0,1,0,1,1,0,1,0,0,1,0,0,1
1,1,1,0,-0.05806200668640195,1,1,1.1333035205826398,0.9466479571099172,1,0,1,1,0,0,1,0,0,0,0,0,0,0
0,0,1,0,1.0582816955390908,1,1,-1.9008149800574394,-0.7093629675599225,0,0,0,0,1,1,0,1,0,0,0,0,0,0
0,0,0,0,0.08754804142996668,1,0,-2.00463687365086,-0.9901150207370193,1,0,0,0,1,1,0,1,0,0,0,0,0,1
0,0,1,1,-0.8831856126791574,1,0,-0.9492415214971527,-1.001188326168645,0,0,0,0,0,0,0,0,1,1,0,1,0,0
0,1,0,0,-0.05806200668640195,1,1,-0.16637864002617536,-0.14301530934535653,1,0,1,0,0,0,0,0,0,0,0,1,0,0
0,0,1,0,-0.15513537209731437,1,1,0.47792781727417133,0.09126908804895316,0,0,1,1,0,0,0,0,1,1,0,1,0,0
0,0,0,0,0.9126716474227222,1,0,0.14470534261587595,0.9068558138799213,0,0,0,1,0,0,1,0,0,0,0,0,0,1
1,0,0,1,1.2038917436554595,0,1,1.1294865392005284,1.9693549628870683,1,1,0,1,0,0,1,0,0,0,0,0,0,0
0,0,1,1,0.2331580895463353,1,0,0.0011868426485000265,0.2738508796699722,1,0,1,1,0,0,0,0,1,0,0,1,0,0
0,0,0,0,0.5729148684845288,1,1,0.8748938810137209,1.0453998797760509,0,0,1,1,0,0,0,0,1,0,0,1,0,0
0,0,0,0,-0.4948921510355078,1,0,-1.9057770558541836,-1.1625041527192075,0,0,0,0,1,1,0,1,0,0,1,0,0,0
0,0,0,1,-1.271479074322807,1,1,-0.39883280619673855,-1.0771141273289384,0,0,0,0,0,0,0,0,0,0,1,1,0,0
1,0,1,0,-0.05806200668640195,0,1,-1.0263445454157962,-0.07577093615477652,0,1,0,0,0,0,1,0,1,0,0,0,1,0
0,0,1,1,1.0097450128336345,1,1,0.15539289048578694,0.9440386362423764,0,0,1,1,0,0,1,0,0,0,1,0,1,0
0,0,0,0,-1.5141624878500881,1,0,-1.9420383789842386,-0.11273087902646238,1,0,1,0,1,1,0,1,0,0,0,1,0,0
0,0,0,0,-1.1744057089118947,1,1,-2.1363227313336917,-1.3557134907903141,0,0,1,0,1,1,0,1,0,0,0,1,0,0
0,0,0,0,0.3302314549572477,1,0,-1.9344044162200165,-0.9542096783826312,0,0,1,0,1,1,0,1,0,0,1,1,0,0
0,0,0,0,1.106818378244547,1,1,0.4550259289815047,1.3146872293913907,0,0,0,1,0,0,0,0,0,1,0,0,1,0
1,0,1,0,1.6892585707100214,1,0,-0.15759958284731979,1.281304230542292,0,0,0,0,0,0,1,0,1,0,1,1,0,0
0,1,1,0,-1.3200157570282633,1,1,1.6344731760538214,-0.7990311919559302,0,0,1,1,0,0,0,0,0,0,1,0,1,0
1,0,0,0,-0.8346489299737012,1,1,-0.07744297382298727,-0.7206645885674581,1,0,0,1,0,0,0,0,0,1,0,0,1,0
1,0,1,0,0.13608472413542289,1,0,-0.09690957887175386,0.09739011991739248,1,0,0,0,0,0,0,0,0,0,0,0,1,0
1,0,0,1,-1.5626991705555444,1,1,1.3943850471190355,-1.2239210426389464,0,0,1,1,0,0,1,0,0,0,1,0,0,0
1,0,1,0,-1.465625805144632,0,1,-0.7060998074566786,-1.3234340172247796,0,1,0,0,0,0,1,0,1,1,0,0,1,0
0,0,0,1,-1.5626991705555444,1,0,0.1088257176240321,-1.2261552736317782,0,0,1,0,0,0,1,0,0,0,1,0,1,0
0,0,0,0,-1.028795660795526,1,1,-2.000438194130538,-1.2848160683851773,1,0,1,0,1,1,0,1,0,0,0,1,0,0
0,1,0,0,1.6892585707100214,1,0,0.26112327477026304,1.6426353737601296,0,0,0,0,0,0,0,0,0,0,0,0,0,0
1,0,1,0,0.5729148684845288,1,1,1.0050529461437083,1.1349158937881185,0,0,1,1,0,0,1,0,0,0,1,0,1,0
0,0,0,0,-0.8831856126791574,1,0,-0.3160043102049283,-0.8087835286983635,0,0,1,0,0,0,0,0,0,1,0,1,0,0
0,1,1,0,-1.4170891224391757,1,0,1.6069909101026219,-1.0225901933676194,0,0,0,1,0,0,0,0,0,1,0,0,0,0
0,0,0,1,-0.8831856126791574,1,1,0.7218329275910679,-0.5225573377845719,0,0,0,1,0,0,0,0,0,0,1,0,1,0
1,1,1,0,0.3302314549572477,1,1,1.3100297585743814,1.1035605546965046,1,0,0,1,0,0,0,0,1,0,1,0,0,1
1,0,1,1,-1.6597725359664568,1,1,1.000472568485175,-1.3772132075218215,1,0,1,1,0,0,0,0,0,1,0,0,1,0
1,0,0,0,0.8155982820118097,1,0,0.6477834887781134,1.1712017621023563,0,0,0,1,0,0,1,0,0,0,0,0,1,0
1,1,0,0,0.2816947722517915,1,0,0.4889970632822931,0.4998398111395589,1,0,0,1,0,0,0,0,1,1,0,0,0,1
1,1,0,0,-0.300745420213683,0,1,-1.8851653563907838,-1.0717052226139323,0,1,0,0,1,1,0,1,0,0,0,1,0,0
1,0,1,0,1.0097450128336345,1,0,0.8172574621438442,1.482917756240936,1,0,1,1,0,0,1,0,0,0,1,1,0,0
0,0,1,0,-0.05806200668640195,1,1,1.1042944620785955,2.2906547751287185,0,0,0,1,0,0,1,0,1,1,0,0,0,1
0,0,1,0,0.7185249166008973,1,1,1.121852576436306,1.4518287853212166,1,0,1,1,0,0,0,0,0,0,0,1,0,0
1,0,0,0,1.2038917436554595,1,0,-2.092427445439414,-0.830033185513398,0,0,0,0,1,1,0,1,0,0,0,0,1,0
1,0,0,0,0.7670615993063535,1,1,-0.6404477276843684,0.17765391701997205,0,0,0,0,0,0,0,0,0,0,1,0,0,0
0,0,0,0,-0.05806200668640195,1,0,-0.14996562008309758,-0.10572920136522813,0,0,1,0,0,0,1,0,0,0,0,0,0,1
0,0,1,0,0.18462140684087908,1,1,-0.4629580934162043,-0.09365022018257113,0,0,0,0,0,0,0,0,0,1,0,0,0,0
1,0,1,0,-1.222942391617351,1,0,-2.008835553171182,-1.3181447063828688,0,0,0,0,1,1,0,1,0,1,0,0,0,1
1,1,0,0,0.5243781857790726,1,1,-0.21790788868467442,0.31575766001970385,0,0,0,0,0,0,0,0,0,0,0,0,1,0
1,0,0,1,-0.4948921510355078,1,0,-0.9855028446272078,-0.7751232895070886,0,0,1,0,0,0,1,0,1,0,0,0,1,0
0,0,1,1,-1.3200157570282633,1,1,1.0623076668753741,-0.9638206769114062,1,0,1,1,0,0,1,0,0,0,0,0,0,1
1,0,1,0,1.349501791771828,1,1,1.2886546628345594,2.255804033291629,0,0,1,1,0,0,1,0,0,0,0,0,1,0
1,0,0,0,-1.1258690262064386,1,1,0.3050185606645404,-0.8967720027858919,1,0,0,1,0,0,0,0,1,0,1,0,1,0
0,0,0,0,0.7185249166008973,1,1,-0.4244065814568824,0.35408206026170774,0,0,1,0,0,0,0,0,0,0,0,1,0,0
1,0,0,0,0.47584150307361633,1,0,-2.030592347049215,-0.920293943189743,1,0,0,0,1,1,0,1,0,0,0,0,0,0
1,0,0,1,0.5729148684845288,1,1,-0.24042807883912978,0.3127297605963284,1,0,1,0,0,0,0,0,0,1,0,0,1,0
0,0,0,0,0.03901135872451047,1,1,1.553171472614856,0.8119472034082698,0,0,1,1,0,0,1,0,0,0,0,0,0,0
0,0,1,1,1.4465751571827405,1,1,-0.21256411474971892,1.0239110352148246,0,0,1,0,0,0,1,0,0,0,1,1,0,0
1,0,0,0,-0.3978187856245954,1,1,-0.08125995520509867,-0.3478633057027228,1,0,0,1,0,0,1,0,0,0,0,0,0,1
0,0,0,0,0.3302314549572477,1,0,1.156205408875306,0.9578245481592161,1,0,0,1,0,0,1,0,1,1,0,0,0,1
0,0,1,0,-1.3685524397337194,1,0,0.7451165140219452,-1.083621121242368,1,0,1,1,0,0,1,0,1,0,0,0,1,0
1,0,1,0,0.08754804142996668,1,1,0.3744876218189614,0.26630015740952634,0,0,1,0,0,0,0,0,0,0,0,0,1,0
1,1,0,0,1.0097450128336345,1,1,0.8325253876722881,1.551097136075718,0,0,1,1,0,0,0,0,0,0,1,0,0,1
1,0,0,0,1.349501791771828,1,0,0.8592442573470657,1.9231971639573018,0,0,1,1,0,0,1,0,0,0,1,1,0,0
1,0,1,1,-1.222942391617351,1,1,-0.1805014711399859,-1.0265639716054782,0,0,1,0,0,0,1,0,0,0,0,0,1,0
1,0,1,0,-0.20367205480277056,1,1,-0.1068337304652428,-0.17114161386338878,1,0,0,1,0,0,1,0,0,0,0,0,1,0
1,1,1,0,1.6407218880045653,1,0,0.4805997042416488,1.856529015791637,0,0,0,1,0,0,1,0,0,1,0,0,1,0
0,0,0,1,1.349501791771828,1,0,1.5901961920213332,2.5338597882389338,0,0,0,1,0,0,0,0,1,1,0,0,0,1
1,0,1,1,-1.6112358532610005,1,0,1.4691978822084126,-1.2903717473989829,0,0,1,1,0,0,0,0,1,0,1,0,1,0
0,0,0,0,0.9612083301281784,1,1,0.18211176016056443,0.9224899947446027,0,0,1,0,0,0,0,0,0,1,0,0,1,0
0,0,0,0,-1.222942391617351,1,1,-0.1175212783351538,-1.0048685558089057,0,0,0,0,0,0,1,0,0,0,0,0,1,0
0,0,0,0,1.6892585707100214,0,1,0.3092172401848626,1.7512646631269329,1,1,0,0,0,0,0,0,0,0,0,1,0,0
0,0,0,1,-1.6597725359664568,1,1,-1.9023417726102834,-1.4454306399525882,1,0,0,0,1,1,0,1,0,0,0,0,1,0
0,0,1,0,-0.10659868939185815,1,1,1.1367388038265394,0.46919659920137796,0,0,0,1,0,0,0,0,0,0,0,1,0,0
1,0,1,0,-0.786112247268245,1,1,-0.3312722357333727,-0.11273087902646238,0,0,1,0,0,0,0,0,1,0,0,0,1,0
0,0,0,1,0.13608472413542289,1,0,-0.15034731822130887,0.03232018078309638,0,0,1,0,0,0,0,0,0,1,0,0,0,0
0,0,1,1,-1.5141624878500881,1,1,0.09737477347769904,-1.2464155629512035,1,0,0,1,0,0,0,0,1,0,0,0,0,0
1,0,1,0,1.6892585707100214,1,1,-2.0256302712524707,-0.6621560041979989,0,0,1,0,1,1,0,1,0,0,0,0,0,1
1,0,0,1,1.2038917436554595,1,1,1.3462910817044367,2.206216064638074,0,0,1,1,0,0,1,0,1,1,0,0,0,0
0,0,1,0,1.0097450128336345,0,0,1.4440058050864797,2.0112997958327847,0,1,0,1,0,0,0,0,1,1,0,0,0,0
0,0,0,0,1.349501791771828,1,0,0.11645968038825433,1.231009570820445,0,0,1,0,0,0,0,0,0,0,0,1,0,0
1,1,1,1,-1.5626991705555444,1,0,1.239797301143538,-1.1908696449834313,0,0,0,1,0,0,0,0,0,0,0,0,0,1
0,0,1,0,1.0097450128336345,1,0,0.7974091589568664,1.4793516843886303,1,0,0,1,0,0,0,0,0,0,0,0,0,0
0,0,0,1,-1.222942391617351,1,0,0.07943496098177712,-0.9969590519291729,1,0,1,0,0,0,0,0,0,0,0,0,0,0
1,1,1,0,1.592185205299109,1,1,-0.5934988566844025,0.7594835457152797,0,0,0,0,0,0,0,0,0,1,0,0,0,1
1,0,1,0,1.0097450128336345,1,1,-0.025150328888066176,0.8270975726954278,1,0,0,1,0,0,0,0,0,0,0,0,0,0
1,1,0,0,-1.222942391617351,1,1,0.5767876350708473,-0.958373719600415,1,0,0,1,0,0,0,0,0,0,0,0,0,1
1,0,1,0,-1.5141624878500881,0,1,0.9084833171762985,-1.2046501208151303,1,1,0,1,0,0,0,0,0,0,1,0,0,0
1,0,0,0,1.6407218880045653,1,0,-2.090518954748359,-0.668108517427076,1,0,1,0,1,1,0,1,0,0,0,0,1,0
1,0,1,0,-1.6597725359664568,1,0,-0.10378014535955403,-1.398924931573816,1,0,1,1,0,0,1,0,0,0,0,1,0,0
1,0,1,0,-0.10659868939185815,0,1,1.2375071123142711,0.4938329370590745,0,1,0,1,0,0,0,0,1,0,0,0,1,0
0,0,0,0,-0.9317222953846137,1,1,-0.20073147246517456,-0.8570396564924442,1,0,0,0,0,0,0,0,0,0,0,0,0,1
1,1,0,0,0.47584150307361633,1,1,-0.7045730149038341,-0.012859122821342342,0,0,0,0,0,0,0,0,0,0,0,0,0,0
0,0,0,1,-0.4463554683300516,1,1,1.029481626989219,-0.00338946250622613,1,0,0,1,0,0,0,0,0,0,0,0,0,0
0,0,0,0,1.543648522593653,1,0,0.01683646631515577,1.3000695964480218,0,0,1,1,0,0,0,0,0,0,0,0,1,0
1,0,0,1,1.6407218880045653,1,1,1.152388427493195,2.545449521758927,0,0,1,1,0,0,1,0,0,0,0,0,0,0
1,0,1,0,1.7377952534154777,1,0,-0.0011033461807661519,1.4898813813061849,0,0,0,0,0,0,0,0,1,1,0,0,1,0
1,0,1,0,-0.05806200668640195,1,0,-0.8900783100744314,0.34814041920291205,0,0,0,0,0,0,0,0,1,0,0,0,0,0
0,0,0,0,-1.4170891224391757,1,1,-0.11255920253840906,-1.2369622108915093,1,0,0,1,0,0,0,0,1,0,0,0,0,0
1,0,1,0,1.4951118398881966,1,1,-0.39425242853820514,0.9138357472005927,0,0,0,0,0,0,0,0,0,0,1,0,1,0
1,0,0,1,-0.6890388818573326,1,1,-1.039703980253185,-0.8884167399246209,0,0,1,0,0,0,0,0,0,0,0,0,0,1
1,0,1,1,1.592185205299109,1,1,-0.2812697796277178,-0.11273087902646238,0,0,0,0,0,0,0,0,0,0,0,1,0,0
1,0,1,0,-0.15513537209731437,1,1,-1.0347419044564405,-0.6611340201915454,1,0,0,0,0,0,1,0,0,0,0,0,0,0
0,0,1,0,1.4465751571827405,1,0,0.41876460585145003,1.6226414526125992,0,0,0,1,0,0,0,0,0,0,1,0,0,0
0,0,0,0,-0.3978187856245954,1,1,0.8882533158511099,0.017218736262204777,0,0,0,1,0,0,1,0,0,0,1,0,0,0
0,0,0,1,-0.05806200668640195,1,1,0.41532932260754996,0.16626531865018518,1,0,1,1,0,0,1,0,1,0,0,0,0,0
0,0,0,0,-1.1744057089118947,1,0,0.20692213914428598,-0.9509099747022205,1,0,0,0,0,0,0,0,0,0,0,0,1,0
1,0,1,1,0.5243781857790726,1,1,-0.10339844722134273,0.3504453193025729,1,0,1,0,0,0,1,0,0,0,0,1,0,0
0,0,0,0,1.2524284263609156,1,1,1.3027774939483705,2.213652629110565,0,0,0,1,0,0,0,0,0,0,1,0,0,1
1,1,1,0,-0.9317222953846137,1,0,-1.9065404521306055,-1.1907446150251946,1,0,1,0,1,1,0,1,0,0,0,0,0,0
0,0,1,1,-0.15513537209731437,0,1,-0.5183043234568144,-0.3739728226335518,1,1,0,0,0,0,0,0,0,0,0,0,1,0
0,0,1,0,-0.9317222953846137,1,1,-1.000770770155652,-0.9882939322148816,0,0,1,0,0,0,0,0,0,0,0,0,0,0
1,1,0,1,-0.5919655164464203,0,1,0.5248766882741369,-0.34273707741503356,1,1,0,1,0,0,0,0,1,0,0,1,0,0
1,0,1,1,0.6699882338954412,1,0,-0.3953975229528385,0.23760850003686032,0,0,1,0,0,0,1,0,0,0,0,0,0,1
1,0,0,1,0.621451551189985,1,0,-0.22248826634320787,0.3700424062348317,0,0,0,0,0,0,1,0,0,0,0,0,1,0
1,0,0,0,0.8155982820118097,1,1,0.5252583864123482,1.0861215935651076,0,0,1,1,0,0,1,0,0,0,0,1,0,0
0,1,1,0,0.8155982820118097,1,0,-0.7473232063834778,0.10840906449761117,0,0,1,0,0,0,0,0,1,0,0,0,1,0
1,0,1,0,1.3009651090663719,1,1,-0.3919622397089387,0.7428110725887228,1,0,0,0,0,0,1,0,1,0,0,0,1,0
1,0,0,1,1.592185205299109,1,1,-0.021333347505954794,1.3136761175552187,0,0,1,1,0,0,0,0,0,0,0,0,1,0
0,0,1,1,-0.7375755645627888,1,1,0.2019600633475418,-0.5565219977437266,0,0,1,0,0,0,0,0,0,0,0,0,0,1
0,0,1,0,0.03901135872451047,1,0,0.34738705400597314,0.23782050735734794,0,0,1,0,0,0,0,0,0,0,1,0,0,1
1,1,1,1,1.543648522593653,1,1,-1.9928042313663157,-0.6151229955605778,0,0,1,0,1,1,0,1,0,0,0,0,0,1
1,0,0,0,-1.271479074322807,1,1,-0.8370222688630877,-1.2351900471356378,0,0,0,0,0,0,0,0,1,0,1,0,1,0
1,0,0,0,-1.5141624878500881,1,0,-2.1241083909109357,-1.3534575154569195,1,0,0,0,1,1,0,1,0,0,0,0,0,0
1,0,1,1,-1.5141624878500881,1,1,-0.07667957754656522,-1.2113528137936256,0,0,1,1,0,0,1,0,0,0,1,0,0,1
1,0,1,0,-0.20367205480277056,1,0,0.14775892772156474,-0.13660616496445974,1,0,1,0,0,0,1,0,0,0,0,1,0,0
1,0,0,0,-0.6890388818573326,1,1,0.02370703280295539,-0.5618058725004964,0,0,0,0,0,0,0,0,1,1,0,0,0,0
0,0,0,1,1.2038917436554595,1,1,0.18173006202235314,1.138367807852469,1,0,0,1,0,0,0,0,0,0,0,0,1,0
1,0,0,0,-0.15513537209731437,1,1,1.0886448384119403,0.39261303173905865,0,0,1,1,0,0,0,0,0,0,0,0,0,1
1,0,1,0,0.2331580895463353,1,1,0.8935970897860653,0.7369129202110527,1,0,1,1,0,0,0,0,0,0,0,0,0,1
1,1,0,1,3.4123108067537173,1,1,1.6543214792407988,-0.1573665741168304,1,0,0,1,0,0,0,0,1,0,0,0,0,1
1,0,0,0,-1.271479074322807,1,1,-2.056929518585781,-1.3625357776419051,0,0,0,0,1,1,0,1,0,0,0,0,0,0
0,0,0,1,1.0582816955390908,1,1,0.5775510313472698,1.3921568787316456,0,0,0,1,0,0,0,0,0,0,1,0,0,0
1,0,0,0,1.3980384744772842,1,1,0.3615098851197842,1.484113694971892,0,0,1,0,0,0,0,0,1,0,0,1,0,0
0,0,1,0,-0.3492821029191392,1,0,0.6050332972984694,-0.07217224779162672,1,0,0,1,0,0,0,0,0,1,0,0,0,1
0,0,1,0,1.6407218880045653,1,1,0.8332887839487108,2.2478999654970364,1,0,0,1,0,0,1,0,0,0,0,0,0,0
0,1,1,0,1.0582816955390908,1,0,-0.9576388805377972,0.08203861548002796,0,0,0,0,0,0,0,0,1,1,0,0,1,0
1,0,0,0,-0.7375755645627888,1,1,0.7947372719893889,-0.40766567833567097,0,0,0,1,0,0,0,0,0,0,1,0,1,0
1,0,1,0,-1.4170891224391757,1,1,-0.8557254776354319,-1.2419036122844143,1,0,1,0,0,0,0,0,0,0,0,0,1,0
0,0,1,0,-0.8346489299737012,1,0,-2.0042551755126485,-1.207357291215204,0,0,1,0,1,1,0,1,0,0,0,0,1,0
0,0,1,0,0.9612083301281784,1,1,-0.9877930334564745,-0.01026067412408321,0,0,1,0,0,0,0,0,0,0,0,1,0,0
1,1,1,0,-1.3200157570282633,1,1,1.6699711029074538,-0.8718801689265818,1,0,1,1,0,0,1,0,0,0,0,0,0,0
0,0,0,0,1.4951118398881966,1,0,1.0245195511924743,2.2222090271220423,0,0,0,1,0,0,0,0,0,0,1,0,1,0
1,0,0,0,-0.4463554683300516,1,1,0.34891384655881724,-0.23779888985877215,0,0,1,0,0,0,0,0,0,0,1,0,0,1
0,0,0,0,0.621451551189985,1,1,-0.7049547130420452,0.0542819647515639,0,0,1,0,0,0,1,0,0,1,0,0,0,1
0,1,0,1,-0.7375755645627888,1,1,-0.7202226385704893,-0.8231456656401187,0,0,1,0,0,0,0,0,1,1,0,0,0,0
1,1,0,0,0.3302314549572477,1,1,-1.9462370585045607,-0.9386189861990757,1,0,0,0,1,1,0,1,0,0,0,0,1,0
1,0,1,0,-0.4948921510355078,1,1,-0.6137288580095909,-0.6336002489538504,0,0,1,0,0,0,0,0,0,0,1,1,0,0
1,0,0,1,-1.271479074322807,1,0,0.003477031477766747,-1.048873665022951,0,0,0,1,0,0,0,0,0,0,1,0,1,0
0,0,1,1,-0.8831856126791574,1,0,-0.6018962157250468,-0.9171518859784128,0,0,0,0,0,0,1,0,0,1,0,0,0,0
0,0,0,0,-1.271479074322807,1,0,-1.0710032275864956,-1.2268130399338042,0,0,0,0,0,0,1,0,0,0,1,1,0,0
1,0,1,1,0.8155982820118097,1,1,1.6287477039806546,1.9193755961033825,0,0,0,1,0,0,0,0,1,1,0,0,0,1
1,0,1,0,-0.25220873750822675,1,1,-1.8851653563907838,-1.0747766107184331,0,0,0,0,1,1,0,1,0,0,1,0,0,1
0,0,1,0,0.864134964717266,1,0,0.5508321616724924,1.1396181074348324,0,0,0,1,0,0,0,0,1,0,0,1,0,0
1,0,1,0,0.47584150307361633,1,0,-0.22172487006678526,0.26782226124892516,1,0,0,0,0,0,0,0,0,0,0,1,0,0
1,0,0,0,-1.6597725359664568,1,0,-0.12744542992864222,-1.4227947814266728,1,0,1,0,0,0,1,0,0,0,0,0,0,0
1,0,0,0,1.4465751571827405,1,0,-0.20416675570907464,-0.11273087902646238,1,0,1,0,0,0,0,0,1,0,0,0,0,0
0,0,0,0,-0.25220873750822675,0,1,0.5302204622090925,0.030287084940471047,1,1,0,1,0,0,0,0,1,0,0,0,0,1
1,0,1,1,-0.25220873750822675,1,1,0.12905571894922074,-0.14202050576460667,1,0,0,1,0,0,0,0,0,0,0,0,0,1
0,0,1,0,-0.15513537209731437,1,0,-0.5110520588308035,-0.391406347679808,0,0,0,0,0,0,0,0,0,0,0,0,0,1
0,0,1,0,1.592185205299109,1,1,-0.026295423302699537,1.2698069104696905,1,0,0,1,0,0,0,0,0,1,0,0,1,0
1,0,0,1,-1.0773323435009823,1,1,0.34815045028239516,-0.7837775370510984,0,0,0,0,0,0,0,0,0,0,1,0,0,1
0,1,1,0,1.4465751571827405,0,1,0.32295837316046233,1.5051513444664388,0,1,0,0,0,0,1,0,0,0,0,0,1,0
0,1,1,0,0.42730482036816014,1,0,-0.15149241263594224,0.23473824708256547,0,0,0,0,0,0,0,0,0,0,0,0,1,0
1,0,1,0,-1.5626991705555444,1,1,-2.1443383922361248,-1.3781427780808828,1,0,0,0,1,1,0,1,0,1,0,1,0,0
0,0,1,0,0.03901135872451047,1,1,0.12829232267279814,0.12411391446912164,0,0,1,1,0,0,0,0,1,1,0,0,0,0
0,0,0,1,0.7185249166008973,1,1,0.3924274343148833,0.9083018125273504,0,0,0,0,0,0,0,0,0,0,0,0,0,1
0,0,0,0,-0.10659868939185815,1,1,0.361891583257995,0.11181748988083619,0,0,0,0,0,0,0,0,1,0,1,0,1,0
1,0,1,0,-1.028795660795526,1,0,0.3603647907051509,-0.7522210628092783,0,0,0,0,0,0,0,0,0,0,0,0,0,0
1,0,0,0,0.864134964717266,1,0,1.16460276791595,1.5635240267073804,0,0,0,1,0,0,0,0,0,0,0,0,0,0
0,0,0,0,-0.786112247268245,1,0,-2.085556878951614,-1.2407565983197246,0,0,0,0,1,1,0,1,0,0,1,0,1,0
1,0,1,1,-0.15513537209731437,0,1,0.4718206470627932,0.11843320549708002,1,1,0,1,0,0,0,0,0,0,0,0,1,0
1,0,1,0,1.349501791771828,1,0,-2.1332691462280025,-0.8050054495255702,0,0,0,0,1,1,0,1,0,0,0,0,0,0
1,0,0,0,0.6699882338954412,1,0,-0.015989573570999293,0.5625233088970832,0,0,0,0,0,0,0,0,1,0,0,0,0,0
0,1,0,1,-0.25220873750822675,1,1,0.8245097267698552,0.10962131148398946,1,0,1,1,0,0,0,0,0,0,0,0,0,0
0,0,1,0,-1.1744057089118947,1,1,1.1581138995663613,-0.7730086523873524,0,0,0,1,0,0,1,0,0,0,1,0,1,0
1,0,0,1,-1.6597725359664568,0,1,-0.7637362263265554,-1.4146515258858896,1,1,0,0,0,0,0,0,0,0,0,1,0,0
0,0,1,0,-0.00952532398094574,1,1,1.6134797784522106,0.8400354553303168,0,0,0,1,0,0,1,0,0,0,0,0,0,1
1,0,1,0,0.8155982820118097,1,1,-0.6534254643835459,0.17997512537505536,0,0,1,0,0,0,0,0,1,1,0,1,0,0
0,0,1,0,-0.6405021991518765,1,1,0.10271854741265454,-0.4813953010991175,1,0,1,1,0,0,0,0,0,0,0,0,1,0
0,0,0,0,-0.6405021991518765,1,0,-0.08278674775794279,-0.5789132324383102,1,0,1,1,0,0,0,0,1,0,0,0,0,0
0,0,1,0,1.4465751571827405,1,1,0.8840546363307877,2.0517225249391027,0,0,0,1,0,0,0,0,0,0,0,0,0,1
0,0,0,1,1.4465751571827405,1,0,-0.186608641351364,1.0267975964245417,0,0,1,0,0,0,0,0,1,0,0,0,1,0
0,0,1,0,0.08754804142996668,1,1,-0.7858747183427998,-0.3198837754834897,1,0,0,0,0,0,0,0,1,0,0,0,1,0
1,0,0,0,1.2524284263609156,1,0,-1.9531076249923607,-0.11273087902646238,0,0,1,0,1,1,0,1,0,0,1,1,0,0
0,0,0,0,0.864134964717266,1,1,-0.5919720641315578,0.2527099445577519,0,0,0,0,0,0,1,0,1,1,0,0,1,0
0,0,1,1,0.9126716474227222,1,1,-0.3866184657739832,0.4552476047303165,0,0,1,0,0,0,0,0,0,1,0,1,0,0
1,1,1,1,-1.6112358532610005,0,1,1.5806537385660555,-1.3102460746734177,1,1,0,1,0,0,0,0,1,0,1,0,0,1
0,1,1,0,-0.05806200668640195,1,1,-0.3618080867902611,-0.20426911671087414,0,0,0,0,0,0,0,0,0,0,1,0,0,0
0,0,0,0,-1.271479074322807,1,0,-1.9523442287159383,-1.3069735514187104,1,0,0,0,1,1,0,1,0,1,0,0,0,1
0,1,1,0,-0.3492821029191392,1,0,-0.07362599244087645,-0.28217908894752664,0,0,0,0,0,0,0,0,0,0,0,0,1,0
1,1,0,0,-0.5434288337409641,1,1,-1.9847885704638824,-1.1810901278152943,0,0,0,0,1,1,0,1,0,0,1,0,0,0
1,0,0,0,-0.6890388818573326,1,0,-0.007592214530355012,-0.5543747441131461,0,0,1,1,0,0,0,0,1,0,0,0,1,0
0,0,0,0,0.18462140684087908,1,0,0.9894033224770525,0.6889612131848518,1,0,1,1,0,0,0,0,0,1,0,1,0,0
0,0,0,0,1.592185205299109,1,0,0.45120894759939384,1.822999242643739,0,0,1,1,0,0,0,0,1,0,0,1,0,0
1,0,0,1,-0.5434288337409641,1,1,0.23096912185158602,-0.40308849464719326,0,0,0,1,0,0,1,0,0,0,1,0,0,0
1,0,1,0,-0.10659868939185815,1,0,0.13210930405490953,-0.02191564066576499,0,0,1,1,0,0,0,0,0,0,0,0,1,0
0,0,0,0,1.4465751571827405,1,0,-0.7431245268631557,-0.11273087902646238,0,0,0,0,0,0,0,0,0,0,0,0,1,0
1,0,1,0,-1.1744057089118947,1,0,1.5379035470864115,-0.7424089291302972,1,0,1,1,0,0,0,0,0,0,0,0,1,0
0,0,0,1,0.2816947722517915,1,1,1.168419749298061,0.9502846980690518,1,0,0,1,0,0,1,0,0,0,1,0,1,0
0,0,0,1,1.6892585707100214,0,1,0.02256193838832203,1.463788172630778,0,1,0,0,0,0,0,0,0,0,0,0,0,1
0,0,0,1,-1.6112358532610005,1,0,-0.07553448313193185,-1.3624488002796535,1,0,0,1,0,0,1,0,0,0,0,0,1,0
0,0,0,0,0.18462140684087908,0,0,0.4615147973310935,0.3909713340265643,1,1,0,1,0,0,0,0,0,1,0,0,0,1
0,0,0,0,-0.5434288337409641,1,0,-0.9488598233589417,-0.7343743952923282,0,0,1,0,0,0,1,0,0,1,0,0,0,1
0,0,1,0,-1.6597725359664568,0,1,-1.9508174361630939,-1.4089218921475815,1,1,0,0,1,1,0,1,0,0,1,0,0,1
1,1,0,1,0.7185249166008973,1,1,-0.7015194297981453,0.05727181157895428,0,0,1,0,0,0,1,0,0,0,1,0,0,0
1,0,0,0,0.6699882338954412,0,0,1.0363521934770188,1.249704267619346,0,1,0,1,0,0,0,0,0,0,1,0,1,0
0,0,1,0,-0.05806200668640195,0,0,0.743971419607312,0.2251870454903383,0,1,0,1,0,0,0,0,0,1,0,0,0,1
0,0,1,1,-1.465625805144632,1,1,1.5161467532083788,-1.0593924897702247,1,0,0,1,0,0,1,0,0,1,0,0,1,0
1,1,0,0,-0.25220873750822675,1,1,-0.462576395277993,-0.4279803285065033,0,0,1,0,0,0,1,0,0,0,1,0,0,0
1,1,1,0,-1.4170891224391757,1,0,-0.701137731659934,-1.2370709325943234,0,0,1,0,0,0,1,0,0,0,0,0,1,0
1,0,0,0,-0.786112247268245,1,1,-0.19615109480664167,-0.7114667325093771,0,0,0,0,0,0,0,0,1,0,0,0,0,0
0,0,1,1,-0.25220873750822675,1,0,1.3199539101678706,0.3370508055158641,1,0,0,1,0,0,0,0,0,0,0,0,0,1
0,0,1,0,-0.8346489299737012,1,1,-0.6137288580095909,-0.8484180254592784,0,0,1,0,0,0,0,0,0,1,0,0,0,0
1,0,1,1,-0.786112247268245,1,0,0.3164695048108735,-0.5292165420819414,1,0,0,0,0,0,0,0,1,0,0,0,0,1
0,0,0,0,-0.10659868939185815,1,1,1.5436290191595783,0.675903736676867,1,0,0,1,0,0,1,0,1,1,0,0,0,1
1,0,1,0,1.0097450128336345,1,1,0.48976045955871567,1.256743997876565,0,0,0,1,0,0,0,0,0,0,0,0,0,0
1,0,0,0,-1.1258690262064386,1,0,1.3314048543142034,-0.713885790396993,1,0,1,1,0,0,0,0,1,0,0,0,1,0
0,0,0,1,-0.5919655164464203,1,0,0.8550455778267435,-0.20947145019053348,0,0,1,1,0,0,0,0,1,1,0,0,1,0
1,0,0,1,-1.222942391617351,1,1,0.09050420698989887,-0.9642012028712558,1,0,0,1,0,0,1,0,0,0,0,0,0,1
0,0,1,0,0.9126716474227222,1,0,0.3817398864449723,1.0260691610156867,0,0,1,1,0,0,1,0,0,0,1,0,0,0
1,0,1,1,0.5243781857790726,1,0,0.06111345034764389,0.6672440530477162,0,0,0,0,0,0,0,0,1,0,0,0,1,0
0,0,0,1,-0.8831856126791574,1,1,0.06111345034764389,-0.7071341726522316,0,0,1,0,0,0,0,0,1,0,0,0,0,1
1,1,0,0,1.0582816955390908,1,0,0.03553967508749975,0.8937222321799665,0,0,1,0,0,0,0,0,1,1,0,0,1,0
0,0,0,0,-1.6112358532610005,1,1,1.5703478888343554,-1.2888170270487398,1,0,0,1,0,0,0,0,0,0,0,0,0,1
1,0,0,1,0.5243781857790726,1,1,-0.9542035972938971,-0.22554595395161212,0,0,1,0,0,0,0,0,0,0,0,1,0,0
1,0,1,1,0.7670615993063535,1,1,0.8756572772901434,1.2852780087801505,1,0,1,1,0,0,0,0,0,0,0,0,0,0
1,0,0,0,-1.6597725359664568,1,1,1.1531518237696172,-1.3390573259191796,1,0,1,1,0,0,0,0,0,0,0,0,1,0
1,0,1,0,-0.3978187856245954,1,1,0.5634282002334587,-0.13577444393793103,1,0,1,1,0,0,0,0,0,0,0,0,0,0
0,0,1,1,-0.7375755645627888,0,0,0.22219006467273042,-0.5075809232219165,0,1,0,0,0,0,0,0,1,1,0,1,0,0
0,1,1,1,0.2816947722517915,1,0,1.3993471229157803,1.0651383049219676,1,0,1,1,0,0,0,0,0,0,0,0,1,0
1,0,1,0,1.0582816955390908,0,1,-0.07629787940835446,0.8013087847879005,0,1,0,0,0,0,0,0,0,0,0,0,1,0
1,0,0,1,-1.222942391617351,1,1,0.458842910363616,-0.9607275444663423,0,0,1,1,0,0,0,0,1,0,0,1,0,0
0,0,0,0,0.03901135872451047,1,1,0.10920741576224285,0.09182356873330555,0,0,0,1,0,0,0,0,1,0,1,0,1,0
1,1,1,0,-1.1258690262064386,0,1,-0.6698384843266236,-1.028890616045702,0,1,0,0,0,0,0,0,1,0,1,0,0,1
0,0,0,0,0.3787681376627039,1,1,-0.03125749909944374,0.3047822041206108,0,0,0,1,0,0,0,0,1,0,1,0,0,1
0,1,1,0,1.6407218880045653,1,1,-1.8905091303257393,-0.4988451344007959,0,0,1,0,1,1,0,1,0,1,0,0,1,0
0,0,0,0,1.106818378244547,1,0,-1.92180837765905,-0.7106730640788336,0,0,1,0,1,1,0,1,0,0,1,1,0,0
0,0,1,1,0.3302314549572477,1,1,-0.2847050628716179,0.08877936105450812,1,0,1,0,0,0,1,0,0,0,0,1,0,0
1,0,0,1,-0.6890388818573326,0,0,-0.8293883060988658,-0.8976580846638275,0,1,0,0,0,0,0,0,0,0,0,0,1,0
0,0,0,0,0.864134964717266,1,1,-1.9809715890817714,-0.7900670875588998,1,0,0,0,1,1,0,1,0,0,0,0,0,0
0,0,1,1,0.3302314549572477,0,1,0.6027431084692028,0.6711852147747307,0,1,0,1,0,0,1,0,1,0,0,1,0,0
0,0,1,1,-0.8831856126791574,1,0,0.3485321484206065,-0.6318552656236827,0,0,1,0,0,0,0,0,0,0,1,0,1,0
1,1,1,0,0.47584150307361633,0,1,0.31494271225802883,0.6017881518684299,0,1,0,0,0,0,0,0,0,1,0,0,1,0
1,0,1,0,0.9612083301281784,1,0,-0.04881561345715436,0.7728128264802998,0,0,1,1,0,0,0,0,1,0,0,1,0,0
1,0,0,0,-0.5919655164464203,1,0,0.9374923756803422,-0.19195638386716646,0,0,0,1,0,0,0,0,0,1,0,0,1,0
0,0,0,0,0.03901135872451047,1,1,1.1604040883956281,0.6367747958340381,1,0,1,1,0,0,0,0,1,0,0,1,0,0
0,0,1,0,-1.4170891224391757,1,0,-0.002630138733610813,-1.1730392857219032,1,0,1,0,0,0,1,0,0,0,0,0,1,0
0,0,0,1,1.349501791771828,1,0,0.9661197360461752,2.0363492761611757,0,0,1,1,0,0,0,0,0,1,0,0,0,1
0,0,0,0,-1.1744057089118947,1,0,-0.31753110275777297,-1.0215736454463067,1,0,0,0,0,0,1,0,1,0,0,1,0,0
0,0,1,1,-0.4463554683300516,1,0,0.362654979534417,-0.24159327728698735,1,0,1,0,0,0,0,0,0,0,0,0,1,0
1,0,1,1,0.8155982820118097,1,1,0.4015881896319502,0.9777206197742141,0,0,0,0,0,0,1,0,0,0,1,0,1,0
1,0,1,1,0.9126716474227222,1,1,-0.10492523977418738,0.6854114495879683,0,0,0,1,0,0,0,0,1,0,1,0,0,1
0,0,1,0,-1.028795660795526,1,1,0.8985591655828096,-0.6979308805090099,0,0,0,1,0,0,0,0,0,1,0,0,1,0
0,0,1,1,1.1553550609500032,1,0,0.62259141165618,1.525281167742487,1,0,1,1,0,0,1,0,0,0,0,1,0,0
1,0,1,0,-1.6112358532610005,1,0,1.6401986481269881,-1.2854466542614995,1,0,1,1,0,0,0,0,0,0,1,0,0,0
0,0,0,0,0.47584150307361633,1,0,0.1779130806402423,0.5183061923625498,1,0,1,0,0,0,1,0,0,0,0,0,1,0
1,0,0,0,-0.00952532398094574,1,1,-0.45608752692840443,-0.26701784749008717,0,0,1,0,0,0,1,0,0,1,0,0,0,1
1,0,0,0,1.6407218880045653,1,0,-0.7507584896273779,0.632670551552802,0,0,1,0,0,0,1,0,0,0,0,0,1,0
1,1,1,1,-0.9317222953846137,1,0,-0.018279762400266013,-0.77513416167737,0,0,1,0,0,0,0,0,1,0,1,0,0,0
1,0,0,0,1.0582816955390908,1,1,1.6531763848261654,2.217680768199831,0,0,0,1,0,0,1,0,0,0,1,0,1,0
1,1,1,0,0.5729148684845288,1,0,-1.990132344398838,-0.9382112798135224,0,0,0,0,1,1,0,1,0,1,0,0,1,0
1,0,0,0,-0.25220873750822675,1,0,-0.10492523977418738,-0.2769223946164603,1,0,0,0,0,0,0,0,0,0,0,0,1,0
1,0,1,0,1.1553550609500032,1,0,-2.0699072552849587,-0.8080116046083827,0,0,1,0,1,1,0,1,0,0,0,0,0,1
0,0,0,0,-0.20367205480277056,1,1,0.3107440327377067,-0.008977758030875636,0,0,1,0,0,0,0,0,0,0,0,0,0,1
0,0,1,1,-0.300745420213683,1,1,0.06111345034764389,-0.46888143310520364,1,0,0,0,0,0,0,0,1,0,0,0,1,0
0,0,1,0,-0.15513537209731437,1,0,-0.5820479125380692,-0.39957678364629473,0,0,0,0,0,0,0,0,1,0,0,0,1,0
0,0,1,0,-0.4948921510355078,1,1,0.5397629156643701,-0.21814744207510628,1,0,0,1,0,0,1,0,1,0,0,0,0,1
1,0,1,0,-0.9802589780900699,1,0,-0.03469278234334382,-0.775846288830803,0,0,0,1,0,0,1,0,0,0,1,1,0,0
1,0,0,0,0.3302314549572477,1,1,1.0287182307127964,0.874820964145719,0,0,0,1,0,0,1,0,0,1,0,0,0,0
1,0,1,0,-0.25220873750822675,1,1,-0.8278615135460211,-0.5471175704502986,0,0,1,0,0,0,0,0,1,0,0,0,0,1
1,1,0,0,0.7185249166008973,0,0,0.5244949901359262,0.9346070285232447,0,1,0,1,0,0,0,0,1,1,0,0,1,0
0,1,1,1,1.2524284263609156,1,1,-2.0290655544963707,-0.7890668478930091,1,0,1,0,1,1,0,1,0,0,0,0,0,1
1,1,1,0,-0.6405021991518765,1,1,-1.1145168153425618,-0.8690914572493976,0,0,0,0,0,0,0,0,0,0,0,1,0,0
1,0,1,1,-0.5919655164464203,1,1,-2.0939542379922584,-1.2400064185703068,0,0,0,0,1,1,0,1,0,0,0,0,1,0
0,0,0,0,-0.05806200668640195,1,0,0.10615383065655408,0.4551062665166582,0,0,1,1,0,0,0,0,1,0,0,1,0,0
0,0,1,1,0.8155982820118097,1,1,0.313797617843396,0.8824477915981346,0,0,1,1,0,0,0,0,0,0,0,0,0,0
0,0,1,1,-1.465625805144632,1,0,0.2447102548271858,-1.2334776803163143,1,0,1,1,0,0,0,0,1,0,0,1,0,0
0,0,0,0,1.6407218880045653,1,0,0.3576929037376728,1.7056178562003932,0,0,1,0,0,0,1,0,0,0,0,0,0,1
1,0,0,1,0.13608472413542289,1,1,0.1492857202744094,0.20412221557008794,0,0,1,0,0,0,1,0,0,1,0,0,0,0
0,0,0,0,-1.271479074322807,1,1,-0.6614411252859791,-1.1245765866924755,1,0,0,0,0,0,1,0,0,0,0,1,0,0
0,0,0,0,0.13608472413542289,1,0,0.5374727268351039,0.41836376705060074,1,0,1,1,0,0,0,0,1,0,1,1,0,0
0,0,1,0,-1.271479074322807,1,0,1.354688440745081,-0.8713039439016667,1,0,1,1,0,0,0,0,1,0,0,0,1,0
1,0,0,1,1.3009651090663719,1,0,-0.9755786930337191,0.19870243868480042,0,0,1,0,0,0,0,0,0,0,0,0,1,0
1,0,1,0,-0.3492821029191392,1,0,1.1294865392005284,0.23391739822631816,1,0,0,1,0,0,0,0,0,0,0,0,1,0
1,0,0,1,1.6892585707100214,1,0,-0.05644957622137658,1.3711083570668172,1,0,1,1,0,0,0,0,0,0,0,0,1,0
0,1,1,0,0.18462140684087908,1,1,0.2645585580141631,0.3442536183273045,0,0,0,0,0,0,0,0,1,0,1,0,0,0
0,0,1,1,0.7670615993063535,1,1,0.03477627881107769,0.6321051986981683,0,0,0,0,0,0,0,0,1,0,1,0,1,0
0,0,1,0,-0.6405021991518765,1,0,-0.10416184349776478,-0.608153934410188,1,0,0,1,0,0,1,0,0,1,0,0,0,1
1,0,0,0,1.592185205299109,1,0,1.1039127639403843,2.3627046475836866,1,0,0,1,0,0,0,0,1,0,0,0,1,0
0,0,1,1,0.6699882338954412,1,1,0.3695255460222172,0.8014555590866999,0,0,1,1,0,0,0,0,1,0,1,0,1,0
0,0,1,0,-0.6405021991518765,1,0,0.3790679994774948,-0.34936366520155865,1,0,0,1,0,0,1,0,0,0,0,0,0,0
0,0,1,1,1.3009651090663719,1,1,-0.23928298442449641,0.85698516879905,0,0,1,0,0,0,1,0,1,0,1,1,0,0
0,0,1,0,1.0582816955390908,1,0,0.04050175088424395,0.9194403509806647,0,0,0,0,0,0,1,0,0,1,0,0,0,1
0,0,1,0,1.2524284263609156,1,0,-2.030592347049215,-0.7214419487425796,0,0,0,0,1,1,0,1,0,1,0,0,0,1
0,0,0,1,0.9612083301281784,1,1,0.9054297320706097,1.5269446097955444,0,0,0,1,0,0,0,0,0,1,0,0,0,0
1,0,1,1,0.13608472413542289,0,1,-0.9946635999442744,-0.4231748292421159,0,1,0,0,0,0,1,0,0,0,0,0,1,0
0,0,0,1,0.42730482036816014,1,0,0.8500835020299993,0.9226639494691052,0,0,0,1,0,0,0,0,1,1,0,0,1,0
1,0,0,1,-1.3685524397337194,1,0,-0.186608641351364,-1.1643034969007824,0,0,0,0,0,0,0,0,0,1,0,0,0,1
1,0,1,0,1.3980384744772842,1,1,-0.24042807883912978,0.915760121340404,0,0,1,0,0,0,0,0,1,0,1,0,1,0
1,0,0,1,0.3787681376627039,1,0,-0.67899923964369,-0.08085367576134035,1,0,0,0,0,0,1,0,1,0,0,0,1,0
1,0,1,1,0.47584150307361633,1,0,1.5634773223465557,1.4221695047935043,0,0,0,1,0,0,1,0,0,1,0,0,1,0
0,0,0,1,-0.3492821029191392,1,0,-0.12935392061969817,-0.3385839083675311,0,0,1,0,0,0,0,0,1,0,1,0,1,0
0,0,1,0,0.864134964717266,0,0,0.030577599290755552,0.7581951935369313,1,1,0,0,0,0,0,0,0,0,0,0,0,0
1,0,0,0,-0.300745420213683,0,0,1.5020239220945677,0.3744401991136657,1,1,0,1,0,0,0,0,1,0,0,0,0,1
0,1,0,1,-0.3492821029191392,1,0,1.4390437292897351,0.2832553069634002,1,0,0,1,0,0,1,0,0,0,0,0,1,0
0,0,0,0,-0.00952532398094574,1,0,0.156156286762209,0.04237693829340946,0,0,0,0,0,0,0,0,0,1,0,0,1,0
0,0,0,0,-1.5141624878500881,1,0,1.0687965352249624,-1.196974368596448,0,0,1,1,0,0,1,0,0,0,1,0,0,0
0,0,0,1,-0.9802589780900699,1,0,-0.37554921976586086,-0.9349278843885337,0,0,1,0,0,0,0,0,0,1,0,0,1,0
0,0,1,0,-1.3685524397337194,1,1,1.3466727798426474,-0.9384776479854172,1,0,1,1,0,0,0,0,1,0,1,0,1,0
1,0,1,1,-0.3978187856245954,1,1,0.0981381697541211,-0.2970032931262422,0,0,0,0,0,0,1,0,0,0,0,0,0,0
0,0,0,0,-0.9317222953846137,1,1,-0.46143130086335993,-0.8889114236724255,0,0,1,0,0,0,0,0,0,0,0,0,0,1
0,0,1,1,1.106818378244547,1,1,-0.3026448753675398,0.6399494695562123,0,0,0,0,0,0,1,0,0,0,0,1,0,0
0,1,0,0,1.0097450128336345,1,1,-2.024866874976049,-0.8224498467421079,0,0,1,0,1,1,0,1,0,0,0,0,0,1
1,0,0,1,-0.6890388818573326,1,1,-1.9340227180818055,-1.186700167680507,0,0,1,0,1,1,0,1,0,1,0,0,0,1
1,0,1,0,-0.5434288337409641,1,1,-2.0760144254963366,-1.2456382027760822,1,0,1,0,1,1,0,1,0,0,0,0,0,1
0,0,0,0,-0.4463554683300516,1,1,0.7355740605666676,-0.10886582249141767,1,0,1,1,0,0,1,0,0,0,0,0,0,0
1,0,1,0,0.7670615993063535,0,1,1.1485714461110836,1.489397569728662,0,1,0,1,0,0,1,0,0,1,0,0,0,0
0,0,1,1,-0.3492821029191392,1,1,-0.8389307595541434,-0.6610307345738718,0,0,1,0,0,0,0,0,0,0,0,0,1,0
0,0,0,0,1.543648522593653,1,0,-0.45456073437556005,0.8730324921344255,0,0,0,0,0,0,1,0,0,1,0,0,0,0
1,0,1,0,0.6699882338954412,0,0,0.3771595087864394,0.8035810683767173,0,1,0,0,0,0,0,0,0,0,1,1,0,0
1,0,0,0,-1.7083092186719129,1,0,-0.6385392369933129,-1.4130913694505058,1,0,1,0,0,0,0,0,0,0,0,0,1,0
0,0,1,0,0.5243781857790726,0,1,-0.877482271513465,-0.11916720383306283,0,1,0,0,0,0,1,0,0,1,0,0,0,0
1,1,0,0,0.5729148684845288,1,0,-0.7862564164810107,-0.013489708697664844,0,0,0,0,0,0,0,0,0,0,0,1,0,0
0,0,1,0,-1.5141624878500881,1,1,-0.8133569842939993,-1.3396335509440946,0,0,0,0,0,0,0,0,0,0,1,0,0,0
1,0,1,1,-0.25220873750822675,1,0,-0.67899923964369,-0.5504335823861316,0,0,1,0,0,0,0,0,1,0,1,0,1,0
1,0,0,1,-0.8831856126791574,1,0,1.6142431747286328,-0.2975958264065796,1,0,1,1,0,0,0,0,0,0,0,0,0,0
1,0,0,0,1.106818378244547,1,1,-0.8091583047736771,0.24053311384256199,0,0,1,0,0,0,0,0,0,0,1,0,0,0
1,0,0,1,-0.786112247268245,1,1,0.11455118969719835,-0.604914027666325,1,0,1,0,0,0,0,0,1,0,0,1,0,0
1,0,0,1,-1.6597725359664568,1,0,0.16264515511179786,-1.3998871186437216,0,0,0,1,0,0,0,0,0,1,0,0,1,0
0,0,0,0,0.5729148684845288,1,1,-2.06685367017927,-0.9151405344763501,0,0,0,0,1,1,0,1,0,0,1,0,0,1
0,1,0,0,-1.0773323435009823,1,1,-2.0164695159354045,-1.2843485650630762,0,0,0,0,1,1,0,1,0,0,1,0,0,1
1,0,0,0,-1.271479074322807,1,1,-2.1008248044800584,-1.3820023985307868,1,0,1,0,1,1,0,1,0,0,0,0,0,1
1,0,1,0,-0.3492821029191392,0,1,1.2772037186882264,0.22187646963964622,1,1,0,1,0,0,0,0,0,0,0,0,0,0
1,0,1,0,-0.9317222953846137,0,1,-0.08698542727826492,-0.8356595336340326,0,1,0,1,0,0,0,0,1,0,1,0,0,1
1,0,1,0,1.4951118398881966,1,0,1.2023908835988495,2.3918909887041573,0,0,1,1,0,0,1,0,0,0,1,0,0,1
0,0,0,0,1.349501791771828,1,0,0.766109911623556,1.8109528779719262,1,0,0,1,0,0,0,0,0,0,0,1,0,0
1,0,0,0,-1.6597725359664568,1,0,0.12905571894922074,-1.3923037798724316,0,0,0,0,0,0,1,0,0,0,1,0,0,0
1,1,0,0,-1.3685524397337194,1,0,1.626075817013177,-0.9511763428741151,0,0,0,1,0,0,0,0,1,0,0,0,0,0
1,0,0,1,0.13608472413542289,1,1,-0.6938854670339231,-0.29131714806905973,0,0,0,0,0,0,1,0,0,0,0,0,0,0
0,0,0,0,-1.465625805144632,0,1,0.9958921908266414,-1.1305399720918339,1,1,0,1,0,0,0,0,0,0,1,1,0,0
0,0,0,0,1.6892585707100214,1,0,-0.0911841067985876,1.3400030778916758,1,0,1,1,0,0,0,0,0,0,0,0,0,1
0,0,0,0,-0.786112247268245,1,1,0.2744827096076521,-0.5927426330362758,1,0,1,1,0,0,0,0,0,1,0,0,1,0
1,0,0,0,-0.5919655164464203,1,1,-0.5744139497738472,-0.688374242831642,0,0,0,0,0,0,0,0,0,0,0,0,1,0
0,0,0,0,1.0582816955390908,1,0,-2.0439517818866038,-0.8229662748304752,0,0,0,0,1,1,0,1,0,0,0,0,0,1
0,1,0,1,-0.9802589780900699,1,1,-0.3266918580748393,-0.8843179317285257,1,0,1,0,0,0,0,0,0,0,0,0,0,1
1,0,0,1,-0.00952532398094574,1,1,0.6699219807943575,0.3259557557436755,0,0,1,1,0,0,0,0,0,1,0,0,0,1
1,0,1,0,1.543648522593653,1,1,1.0321535139566966,2.2583807376483254,0,0,0,1,0,0,0,0,0,0,0,1,0,0
0,1,1,0,1.0097450128336345,1,0,-0.12477354296116473,0.7460781597582892,1,0,0,0,0,0,0,0,1,0,0,1,0,0
0,0,1,1,0.42730482036816014,1,1,0.009965899827355608,0.3139854962638326,0,0,1,1,0,0,0,0,1,0,0,0,1,0
0,0,0,1,0.18462140684087908,1,0,0.3931908305913059,0.34336753644936874,1,0,1,0,0,0,0,0,0,0,0,0,1,0
0,0,1,0,1.592185205299109,1,0,0.506936875778215,1.8934019813010714,1,0,1,1,0,0,1,0,0,0,0,1,0,0
0,0,0,0,0.5243781857790726,1,0,0.7676367041764001,0.9389776409763754,1,0,0,1,0,0,1,0,1,0,0,0,0,1
0,0,1,0,-0.786112247268245,1,1,-0.7251847143672338,-0.8575452124105301,0,0,0,0,0,0,0,0,0,1,0,1,0,0
0,0,1,0,0.47584150307361633,1,1,1.1951386189728386,1.1806605502471912,1,0,0,1,0,0,1,0,0,0,0,0,0,1
0,0,0,0,-0.9802589780900699,1,0,-0.25416921181472957,-0.9373143257653053,1,0,0,0,0,0,1,0,1,0,0,0,0,0
1,0,1,0,-0.7375755645627888,1,0,-0.5366258340909477,-0.7738240651584589,0,0,0,0,0,0,0,0,0,1,0,0,0,0
0,0,0,0,0.03901135872451047,1,1,0.643966507396002,0.3821322595877701,1,0,0,1,0,0,0,0,1,0,0,0,1,0
1,0,1,0,0.621451551189985,1,1,0.09088590512811018,0.5782716475497193,0,0,1,0,0,0,1,0,0,0,0,1,0,0
1,1,0,1,-0.05806200668640195,1,1,1.1939935245582052,0.5755101162982388,0,0,1,1,0,0,0,0,0,0,0,0,1,0
1,0,1,1,1.1553550609500032,1,0,0.06111345034764389,1.810284239499619,0,0,1,1,0,0,0,0,0,0,1,0,1,0
1,0,0,0,-0.300745420213683,0,1,-1.0885613419442064,-0.716076532708699,0,1,0,0,0,0,0,0,1,1,0,0,1,0
1,0,0,0,1.7377952534154777,1,1,-0.6866332024079121,0.7374239122142793,0,0,1,0,0,0,0,0,0,0,1,0,0,1
1,0,1,1,-1.4170891224391757,1,0,-2.056929518585781,-1.4266544018765768,1,0,0,0,1,1,0,1,0,0,0,0,0,1
1,0,0,1,0.5729148684845288,1,1,1.4936265630539234,1.5036401127973216,0,0,0,1,0,0,0,0,1,0,1,0,0,0
0,0,1,0,1.2524284263609156,1,0,0.1191315673557318,1.1740176542052436,1,0,1,0,0,0,1,0,1,0,0,0,0,1
0,0,1,0,0.5243781857790726,1,0,-0.5190677197332368,0.0789780995458083,1,0,1,0,0,0,0,0,0,0,0,0,1,0
1,1,0,0,-1.222942391617351,1,1,-0.9145069909199423,-1.167684741858304,0,0,1,0,0,0,1,0,1,0,1,0,1,0
0,1,0,0,-0.4948921510355078,1,0,0.07370948890861032,-0.38647038237204356,0,0,0,0,0,0,0,0,0,0,0,0,0,1
1,1,1,0,0.864134964717266,1,1,-0.4690652636275819,0.361306617413711,0,0,0,0,0,0,0,0,0,0,1,0,1,0
0,0,0,0,0.3302314549572477,1,1,0.24776383993287457,0.48308579673589125,0,0,0,0,0,0,0,0,0,0,0,1,0,0
0,1,0,1,-0.25220873750822675,1,1,-0.5148690402129147,-0.4005172263756375,0,0,1,0,0,0,0,0,0,0,0,1,0,0
1,0,1,0,-1.465625805144632,1,1,-2.039753102366282,-1.3949076646548315,0,0,0,0,1,1,0,1,0,0,1,0,1,0
0,0,1,0,-0.25220873750822675,1,1,-0.8648862329524986,-0.592231641033049,0,0,1,0,0,0,0,0,0,0,0,1,0,0
1,0,0,0,-0.05806200668640195,1,0,1.2092614500866496,1.9660172066106725,1,0,0,1,0,0,0,0,0,0,0,1,0,0
0,0,0,0,-1.1744057089118947,1,1,-0.7408343380338892,-1.084876856909872,1,0,1,0,0,0,1,0,1,0,0,1,0,0
1,0,1,0,1.6892585707100214,1,0,0.7523687786479561,2.1935826027710648,1,0,1,1,0,0,0,0,0,0,0,0,0,1
0,0,1,0,1.1553550609500032,0,1,0.8714585977698214,1.6905381560200639,0,1,0,1,0,0,0,0,1,0,0,0,0,1
1,0,1,1,1.6407218880045653,1,0,0.7603844395503891,2.0940750642703723,0,0,0,1,0,0,0,0,0,0,1,0,0,0
0,0,1,0,1.1553550609500032,1,1,0.3370812042742734,1.2422840114022768,1,0,0,1,0,0,0,0,0,0,0,0,1,0
0,0,1,0,-1.271479074322807,1,0,-1.953871021268783,-1.3236677688858303,0,0,1,0,1,1,0,1,0,0,0,0,0,1
0,1,1,0,0.47584150307361633,1,0,0.3695255460222172,0.6091594833192323,1,0,0,0,0,0,1,0,1,1,0,0,0,1
0,0,0,1,-0.8346489299737012,1,0,0.20806723355891935,-0.6370575991033418,0,0,1,1,0,0,0,0,1,0,0,0,1,0
0,0,0,1,-0.8346489299737012,1,0,-0.07324429430266514,-0.7153698416404067,1,0,1,1,0,0,0,0,1,0,0,0,1,0
0,0,0,1,-0.6405021991518765,1,0,-0.1469120349774088,-0.5831153262520787,1,0,1,0,0,0,0,0,1,0,0,1,0,0
0,0,1,1,-0.20367205480277056,1,1,0.02561552349401081,-0.12521213050953203,0,0,0,0,0,0,0,0,1,0,1,0,0,0
0,0,0,1,-0.8831856126791574,1,0,1.026809740021741,-0.4556771822984196,1,0,1,1,0,0,0,0,0,1,0,0,0,1
0,0,0,0,-1.6597725359664568,1,1,-0.3640982756195278,-1.4261651542139127,0,0,0,0,0,0,0,0,0,0,0,0,1,0
0,0,0,0,-0.5434288337409641,1,1,-0.9729068060662415,-0.8317836049287065,0,0,1,0,0,0,0,0,0,0,1,1,0,0
1,0,1,0,-1.028795660795526,1,1,0.5405263119407927,-0.7811247275024321,0,0,0,1,0,0,0,0,0,0,0,0,1,0
1,0,1,0,0.08754804142996668,1,1,1.4314097665255128,0.8663895960924779,1,0,0,1,0,0,1,0,0,0,0,0,0,1
0,0,1,0,-0.3978187856245954,1,0,0.1302008133638541,-0.2713993321134992,0,0,0,0,0,0,1,0,1,0,0,0,0,1
0,0,1,0,0.8155982820118097,1,1,-0.5515120614811808,0.22754630644140642,0,0,0,0,0,0,0,0,0,1,0,0,1,0
0,0,0,0,-1.028795660795526,1,1,-0.3366160096683283,-0.9627769485643899,1,0,0,0,0,0,0,0,1,0,0,0,0,0
0,0,1,0,1.592185205299109,1,1,0.08668722560778803,1.4075899244461203,0,0,0,0,0,0,0,0,0,0,0,0,0,0
0,1,0,0,-0.4463554683300516,1,1,-2.0031100810980154,-1.1417817961628218,1,0,0,0,1,1,0,1,0,0,0,0,0,1
1,0,0,1,-0.4948921510355078,1,0,-0.09500108818069844,-0.47075688247874853,1,0,1,1,0,0,0,0,1,1,0,0,1,0
0,0,0,1,-0.4948921510355078,0,0,-0.03507448048155458,-0.4331337372198962,0,1,0,1,0,0,0,0,0,0,1,0,1,0
0,0,1,0,0.3787681376627039,1,1,-0.7102984869770006,-0.15700779249754337,1,0,1,0,0,0,0,0,0,0,0,0,1,0
0,1,1,0,-0.00952532398094574,1,1,1.0825376682005623,0.5163818182227387,0,0,1,1,0,0,0,0,0,1,0,0,1,0
1,0,1,0,-0.300745420213683,0,1,-1.9714291356264937,-1.0556470271082756,1,1,0,0,1,1,0,1,0,0,0,0,0,0
0,0,0,0,-0.9317222953846137,0,1,0.06111345034764389,-0.766800643156662,0,1,0,0,0,0,1,0,0,1,0,1,0,0
1,0,0,0,1.4951118398881966,1,1,0.9997091722087528,2.2031011878524476,0,0,0,1,0,0,0,0,0,1,0,0,1,0
0,0,1,0,-0.5919655164464203,1,1,-1.090469832635262,-0.8540117570690687,0,0,1,0,0,0,1,0,0,0,0,0,1,0
1,0,0,0,-0.5919655164464203,1,1,0.005767220307033468,-0.47312701560009807,0,0,0,0,0,0,0,0,0,1,0,0,1,0
1,0,0,1,-0.4948921510355078,1,1,0.27371931333122945,-0.379718764627282,0,0,0,0,0,0,0,0,0,0,1,0,0,0
1,1,1,0,1.592185205299109,1,0,-0.473263943147904,0.8969947554346741,1,0,1,0,0,0,0,0,1,0,0,0,1,0
1,0,1,0,-1.1744057089118947,1,0,-0.5278467769120921,-1.0455250365762738,1,0,1,0,0,0,0,0,0,1,0,0,0,0
1,0,1,0,-0.8831856126791574,1,1,-0.12935392061969817,-0.7339123280553679,1,0,1,1,0,0,0,0,1,0,0,0,1,0
1,0,0,0,-1.4170891224391757,1,1,0.06111345034764389,-1.182090367481185,0,0,0,0,0,0,0,0,0,0,1,0,0,1
0,0,1,0,0.08754804142996668,1,1,0.04317363785172197,0.04211600620665538,1,0,0,1,0,0,0,0,1,1,0,0,1,0
0,1,1,0,-1.6112358532610005,1,1,0.06111345034764389,-1.294753232022395,0,0,0,1,0,0,0,0,0,0,0,1,0,0
1,0,0,0,-1.222942391617351,1,0,-1.9542527194069939,-0.11273087902646238,0,0,1,0,1,1,0,1,0,0,1,0,1,0
1,0,1,1,-1.465625805144632,1,1,1.4943899593303456,-1.0838385646479964,1,0,1,1,0,0,1,0,0,1,0,0,0,0
0,0,1,1,1.4951118398881966,1,0,-0.44807186602597115,-0.11273087902646238,0,0,0,0,0,0,0,0,0,0,0,1,0,0
1,1,0,1,-1.5141624878500881,1,0,-0.09538278631890974,-1.2418438153478666,1,0,0,1,0,0,0,0,0,0,0,0,0,0
0,1,1,1,0.7670615993063535,1,1,1.5264526029400785,1.762723930603549,0,0,0,1,0,0,0,0,0,0,0,0,0,0
0,0,1,0,0.864134964717266,1,0,0.25959648221741893,0.8970708606266437,0,0,0,1,0,0,1,0,0,0,0,1,0,0
1,0,1,0,1.2524284263609156,1,1,-0.0327842916522884,0.9946757693280877,1,0,1,1,0,0,0,0,0,0,0,0,1,0
1,0,1,1,-0.25220873750822675,1,0,0.9176440724933649,0.18815099742668281,0,0,1,1,0,0,1,0,0,0,1,0,1,0
1,0,0,0,0.621451551189985,1,1,1.0710867240542292,1.282967672595349,0,0,0,1,0,0,0,0,0,0,1,0,0,1
1,0,1,0,-0.3492821029191392,0,1,0.6302253744204023,-0.07029679841808194,1,1,0,1,0,0,0,0,0,0,0,0,0,1
1,1,1,0,-1.7083092186719129,1,1,-2.0909006528865697,-1.4507580033904839,0,0,0,0,1,1,0,1,0,0,1,0,1,0
0,0,0,0,1.0097450128336345,1,1,0.09775647161590979,0.9553837459310376,0,0,0,1,0,0,0,0,1,0,1,0,0,1
1,0,0,0,1.6407218880045653,1,0,0.3397530912417509,1.7200343539935552,1,0,0,0,0,0,0,0,0,0,0,0,1,0
0,0,0,0,-0.786112247268245,1,0,-1.0198556770662073,-0.9484148116226346,1,0,0,0,0,0,0,0,0,0,0,0,0,1
0,0,0,0,-0.05806200668640195,1,1,1.458892032476713,0.7048237096254428,0,0,1,1,0,0,0,0,0,0,0,0,1,0
0,1,0,1,1.3009651090663719,1,1,0.06111345034764389,-0.7958728264891777,1,0,0,0,1,1,0,1,0,0,0,0,0,1
1,1,0,0,-0.00952532398094574,1,1,-0.051487500424632376,-0.025084878302798746,1,0,0,0,0,0,1,0,1,0,0,0,1,0
0,0,1,0,1.3980384744772842,1,1,1.128341444785895,2.1879834350761334,0,0,1,1,0,0,0,0,0,0,0,0,1,0
0,1,1,1,0.2331580895463353,1,1,-2.1183829188377694,-1.0284774735750082,0,0,0,0,1,1,0,1,0,0,0,0,1,0
0,0,1,1,-0.15513537209731437,1,1,1.384842593663758,0.49626830320211246,1,0,1,1,0,0,0,0,1,0,0,0,1,0
1,0,0,1,-0.05806200668640195,1,1,0.4576978159489827,0.17828450289629455,0,0,1,1,0,0,0,0,1,0,0,0,1,0
0,0,0,1,0.8155982820118097,1,0,0.3370812042742734,0.9047846654413111,0,0,0,0,0,0,0,0,0,0,0,0,0,1
1,0,0,0,1.3009651090663719,1,0,-0.483951491017815,0.6164873260889091,0,0,0,0,0,0,0,0,1,0,0,0,0,0
1,0,0,1,-0.300745420213683,1,0,0.02179854211189997,-0.24044082723715693,1,0,1,0,0,0,1,0,0,0,0,0,0,1
0,0,1,0,-0.5919655164464203,1,1,1.5943948715416554,0.08507195098854398,1,0,1,1,0,0,0,0,1,0,1,1,0,0
0,0,1,0,1.7377952534154777,1,1,0.8775657679811989,2.3077730072368148,1,0,0,1,0,0,0,0,1,0,0,1,0,0
0,0,0,1,-1.3200157570282633,1,0,-0.024768630749854876,-1.1268379981110108,0,0,0,0,0,0,1,0,0,0,0,0,0,1
1,0,0,0,0.7185249166008973,0,0,1.0107784182168746,1.3506306243417636,0,1,0,1,0,0,0,0,0,0,0,0,0,0
1,1,1,0,-0.15513537209731437,1,1,-0.1469120349774088,-0.2242249852624197,0,0,0,1,0,0,0,0,0,0,0,1,0,0
1,0,1,0,1.6892585707100214,1,1,-0.23966468256270718,1.1919730434250084,0,0,0,0,0,0,1,0,0,0,1,0,0,0
1,0,1,0,1.3009651090663719,1,0,0.5317472547619371,1.5716237935670376,1,0,0,1,0,0,0,0,0,0,0,0,0,0
1,0,0,1,1.7377952534154777,1,1,0.5012114037050488,1.992485505160788,0,0,0,1,0,0,1,0,0,0,0,0,0,1
0,0,1,0,-0.4948921510355078,1,0,0.6447299036724241,-0.14654876468681788,1,0,0,1,0,0,0,0,0,1,0,0,0,1
0,0,0,0,0.3302314549572477,1,0,-2.0870836715044585,-0.11273087902646238,1,0,1,0,1,1,0,1,0,0,0,0,0,0
1,1,1,0,-0.9802589780900699,1,1,-1.029016432383274,-1.105273048357815,1,0,0,0,0,0,0,0,0,0,0,0,1,0
0,0,1,0,0.13608472413542289,1,0,-0.12439184482295343,0.028161575650453356,1,0,1,0,0,0,0,0,0,0,0,1,0,0
1,0,1,1,1.543648522593653,1,0,1.5485910949563226,2.778983739403819,1,0,0,1,0,0,1,0,0,0,0,0,0,1
1,0,0,0,1.6892585707100214,1,0,-2.069525557146748,-0.6876892961039126,1,0,0,0,1,1,0,1,0,0,0,0,0,1
0,1,1,0,1.1553550609500032,1,0,0.2836434649247184,1.231634720611627,1,0,0,1,0,0,0,0,0,1,0,0,1,0
0,0,0,0,-1.7083092186719129,1,1,1.3993471229157803,-1.383491885859341,0,0,0,1,0,0,1,0,0,0,0,1,0,0
0,0,0,1,-0.20367205480277056,1,1,0.22753383860768595,-0.03476110985326224,0,0,1,1,0,0,0,0,0,0,0,0,1,0
1,0,0,0,1.6407218880045653,1,0,1.0508567227290406,2.395005865489784,1,0,0,1,0,0,1,0,0,0,0,1,0,0
0,0,0,0,0.8155982820118097,1,1,-0.05301429297747704,0.5913182518874227,0,0,1,0,0,0,0,0,0,0,1,0,0,1
0,0,0,0,0.47584150307361633,1,0,-0.8958037821475979,-0.17310404059918505,0,0,0,0,0,0,0,0,1,0,1,0,1,0
1,0,1,0,1.4951118398881966,1,1,-0.5976975362047247,0.6854821186947975,1,0,0,0,0,0,1,0,0,0,0,1,0,0
1,0,0,1,-0.9317222953846137,1,0,-0.7419794324485224,-0.9361673118006155,0,0,0,0,0,0,0,0,1,0,1,1,0,0
1,0,0,0,-1.1744057089118947,1,1,-0.42822356283899354,-1.0743471599923171,1,0,0,0,0,0,1,0,0,1,0,1,0,0
0,0,0,0,0.8155982820118097,1,0,0.2500540287621413,-0.11273087902646238,0,0,0,0,0,0,0,0,0,0,1,0,1,0
1,0,0,0,-1.4170891224391757,1,1,0.01721816445336653,-1.186694731595366,0,0,1,0,0,0,0,0,0,0,0,0,1,0
0,0,0,1,0.9126716474227222,1,1,-0.3110422344081841,0.5322878033444555,1,0,1,0,0,0,1,0,1,0,0,0,0,0
1,0,1,1,1.0097450128336345,1,0,1.4608005231677683,2.039741393288978,1,0,0,1,0,0,0,0,0,1,0,0,0,0
1,0,1,1,-1.7083092186719129,1,1,1.2062078649809609,-1.394472777843575,1,0,0,1,0,0,0,0,0,0,0,1,0,0
0,0,0,0,1.6407218880045653,1,0,1.6566116680700653,3.0286903103423213,1,0,1,1,0,0,0,0,0,0,0,0,0,1
1,0,0,0,1.0582816955390908,1,1,1.4684344859319907,2.091351585614877,1,0,0,1,0,0,0,0,1,0,0,0,0,1
1,0,0,0,0.2816947722517915,1,0,-0.44539997905849343,-0.059598582861164956,1,0,1,0,0,0,0,0,0,1,0,0,1,0
0,0,1,0,0.2816947722517915,1,1,0.0763813758760878,0.21723948901462067,0,0,1,0,0,0,0,0,1,0,1,0,1,0
1,0,1,1,-0.05806200668640195,1,0,-0.6381575388551016,0.06467032345546034,1,0,1,0,0,0,1,0,0,0,0,1,0,0
0,0,0,1,1.592185205299109,1,0,-0.28317827031877324,1.0524776626292547,0,0,0,0,0,0,1,0,0,0,0,0,0,1
1,1,1,1,-0.4463554683300516,1,0,0.6222097135179693,-0.11273087902646238,1,0,1,1,0,0,0,0,1,0,0,1,0,0
0,0,0,0,0.08754804142996668,1,1,0.3931908305913059,0.30320030334466436,0,0,0,1,0,0,0,0,0,0,1,1,0,0
0,1,0,1,0.2331580895463353,1,0,-1.1087913432693952,-0.4441635539703964,0,0,0,0,0,0,0,0,0,0,0,0,0,0
0,1,1,0,-0.3492821029191392,1,1,-1.8878372433582615,-1.0424264680460695,1,0,1,0,1,1,0,1,0,0,0,0,0,1
0,0,0,0,1.0097450128336345,1,1,0.25577950083530754,1.0435787912539127,1,0,1,1,0,0,0,0,1,0,0,1,0,0
1,0,0,0,-0.20367205480277056,1,0,0.7859582148105333,0.158382995196156,0,0,1,1,0,0,0,0,0,0,0,1,0,0
1,1,0,1,-1.3685524397337194,1,1,1.4871376947043347,-0.9390647451806138,1,0,1,1,0,0,0,0,0,0,0,1,0,0
0,0,1,0,-1.1744057089118947,1,0,0.43441422951810527,-0.933650404380467,0,0,1,1,0,0,1,0,1,0,1,0,1,0
1,0,1,0,-0.4948921510355078,1,1,1.5573701521351782,0.15850258906925177,0,0,1,1,0,0,1,0,0,0,1,0,1,0
0,0,0,1,-0.7375755645627888,1,0,0.27219252077838535,-0.5283522045445685,0,0,1,1,0,0,1,0,1,0,0,0,1,0
1,0,0,0,0.18462140684087908,0,1,-0.28585015728625124,-0.04324683875791001,0,1,0,0,0,0,0,0,1,0,0,0,1,0
1,1,0,0,0.6699882338954412,1,0,-0.4553241306519821,0.2550365889979758,0,0,0,0,0,0,1,0,0,0,0,0,0,0
1,0,1,0,0.621451551189985,1,0,-1.9592147952037384,-0.829864666874036,0,0,0,0,1,1,0,1,0,1,0,0,0,1
1,0,1,0,0.3787681376627039,1,1,-0.30951544185533997,0.11251874486398773,1,0,1,0,0,0,1,0,1,0,1,1,0,0
0,0,0,0,-0.786112247268245,1,1,-0.15988977167658652,-0.7219855572566506,1,0,0,1,0,0,1,0,0,0,0,1,0,0
0,0,0,1,0.9126716474227222,1,1,1.1829242785500833,1.6771762587441994,0,0,0,1,0,0,0,0,0,0,0,0,1,0
0,0,0,0,-0.786112247268245,1,1,0.33860799682711756,-0.5202687459403332,0,0,0,0,0,0,0,0,0,0,0,0,1,0
1,0,0,1,1.2524284263609156,1,0,0.2679938412580632,1.3013144599452444,0,0,0,0,0,0,1,0,1,0,0,0,1,0
1,1,0,1,0.3787681376627039,1,1,-0.28088808148950706,0.13537204679553158,0,0,0,0,0,0,0,0,0,1,0,0,1,0
0,0,0,0,0.9612083301281784,0,1,0.8443580299568325,1.4780307156994377,0,1,0,1,0,0,0,0,0,0,0,0,0,1
0,1,0,0,-0.10659868939185815,0,1,0.260359878493841,0.038348799204143594,1,1,0,0,0,0,0,0,0,1,0,0,0,0
1,0,1,1,-0.9317222953846137,1,0,1.4436241069482685,-0.45977055440937403,1,0,0,1,0,0,0,0,0,0,0,0,1,0
1,0,0,0,1.2524284263609156,1,1,-1.0381771877003405,0.1223743672240946,0,0,0,0,0,0,0,0,1,0,1,1,0,0
1,0,0,0,-0.3492821029191392,1,1,-2.101969898894692,-1.122728317744634,1,0,0,0,1,1,0,1,0,0,0,0,0,0
1,0,0,1,-1.1258690262064386,1,0,0.3057819569409625,-0.862997605806662,1,0,0,0,0,0,0,0,0,0,0,0,0,0
0,0,0,1,1.106818378244547,1,1,-0.8618326478468096,0.19244550468784336,0,0,0,0,0,0,0,0,1,0,0,1,0,0
1,1,0,0,-0.5919655164464203,1,1,-0.10034486211565394,-0.5356202503776974,0,0,0,1,0,0,0,0,0,1,0,0,1,0
0,1,1,0,-1.0773323435009823,1,0,1.6505044978586878,-0.599537739462163,0,0,0,1,0,0,0,0,0,0,0,1,0,0
1,0,1,0,1.2524284263609156,1,1,-0.08851221983110959,0.9844994179446789,0,0,1,0,0,0,1,0,1,1,0,0,1,0
0,1,1,0,1.1553550609500032,1,1,0.09050420698989887,0.989348405890192,0,0,1,0,0,0,0,0,0,1,0,0,0,1
0,0,0,1,-1.3200157570282633,1,0,0.35273082794092864,-1.0208615182928737,0,0,1,1,0,0,1,0,0,0,0,1,0,0
1,0,0,0,-0.00952532398094574,1,1,-0.3938707303999941,-0.21746793143251755,0,0,0,0,0,0,1,0,0,0,0,1,0,0
1,0,1,0,1.6407218880045653,0,1,0.5626648039570368,1.9132382559795211,0,1,0,1,0,0,1,0,0,0,1,1,0,0
0,0,0,1,1.3009651090663719,1,1,1.6184418542489547,2.4875334706698045,1,0,0,1,0,0,1,0,0,0,0,0,0,1
0,1,0,0,-1.1744057089118947,1,0,-0.9813041651068857,-0.11273087902646238,1,0,1,0,0,0,0,0,0,0,0,0,0,0
1,0,1,1,-0.4948921510355078,0,0,-0.7373990547899891,-0.7043672053156101,0,1,0,0,0,0,1,0,1,0,1,0,1,0
0,0,0,1,0.3787681376627039,1,0,1.0386423823062854,0.9684684028647259,1,0,1,1,0,0,1,0,0,1,0,0,1,0
0,0,0,0,-1.271479074322807,1,0,-0.5610545149364584,-1.1262563370009548,1,0,1,0,0,0,1,0,0,0,0,0,1,0
1,0,1,1,-0.7375755645627888,1,1,0.26837553939627395,-0.5387568715038871,1,0,1,0,0,0,0,0,0,1,0,0,1,0
0,0,0,0,0.13608472413542289,1,1,1.3199539101678706,0.8472763207377425,1,0,0,1,0,0,1,0,1,0,0,0,0,1
1,0,0,0,-0.05806200668640195,1,1,-0.7637362263265554,-0.7557762624913025,0,0,0,0,0,0,0,0,1,0,1,0,0,1
1,0,1,0,0.7670615993063535,1,1,1.11956238760704,1.4617061520218864,0,0,1,1,0,0,0,0,0,0,0,0,0,0
0,0,1,0,1.6892585707100214,1,0,-0.9977171850499632,0.42408796470376825,0,0,1,0,0,0,1,0,0,0,0,0,1,0
0,0,1,0,-0.5434288337409641,1,0,0.009584201689144306,-0.4846732604389656,1,0,1,1,0,0,1,0,1,1,0,0,1,0
1,1,1,1,1.592185205299109,1,1,0.2813532760954517,1.5813217694580641,1,0,1,0,0,0,0,0,0,0,0,0,0,0
1,0,0,1,-1.0773323435009823,1,1,1.4104163689239022,-0.5824684321203343,0,0,0,1,0,0,0,0,0,0,1,0,1,0
0,0,1,0,1.0097450128336345,1,0,-0.28699525170088463,0.5664209819429722,1,0,1,0,0,0,0,0,0,0,0,0,1,0
0,0,1,0,-1.028795660795526,1,1,-0.6309052742290907,-1.0273739482914441,0,0,0,0,0,0,0,0,0,0,1,0,1,0
1,0,1,0,1.3980384744772842,1,1,0.10195515113623194,1.2702363611958065,0,0,0,1,0,0,1,0,0,0,0,0,1,0
0,1,1,0,0.8155982820118097,1,1,0.9947470964120081,1.441690486533793,0,0,1,1,0,0,0,0,1,0,1,0,0,0
0,0,1,0,0.864134964717266,1,1,-1.91837309441515,-0.7660341551518218,0,0,1,0,1,1,0,1,0,0,0,0,0,1
1,0,0,0,-0.6890388818573326,1,1,0.2782996909897629,-0.517425673411742,0,0,0,0,0,0,1,0,1,0,1,0,1,0
